,Hotel Image,Hotel Name,City,Address,Hotel Rating,Max,Min,Facilities,Lattitute,Longitude
0,https://s-light.tiket.photos/t/01E25EBZS3W0FY9GTG6C42E1SE/t_htl-dskt/tix-hotel/images-web/2020/10/31/7093c3e9-0d69-44a9-8010-3c51c0b7e8d1-1604151059629-dcf20fc2e2ddcdaf5afd53bb8cfbe34a.jpg,MaxoneHotels at Dharmahusada Surabaya,"Gubeng, Surabaya","Jl. Dharmahusada No.189, Mojo, Gubeng, Kota SBY, Jawa Timur 60285, Indonesia",4.2,358500,1175880,"['WiFi', 'Parkir', 'Restoran', 'Resepsionis 24 Jam', 'Spa', 'Lift', 'AC', 'Fasilitas Rapat', 'WiFi', 'Parkir', 'Restoran', 'Resepsionis 24 Jam', 'Spa', 'Lift', 'AC', 'Fasilitas Rapat', 'Fasilitas Ramah Difabel', 'Ruang Merokok', 'AC', 'Lounge', 'Fasilitas rapat', 'WiFi Publik', 'Lift', 'Restoran', 'Ruang merokok khusus', 'Parkir (Gratis)', 'Hewan Peliharaan Tidak Diperbolehkan', 'Resepsionis 24 Jam', 'Layanan Laundry/Dry Cleaning']",-7.2674349,112.7711245
1,https://s-light.tiket.photos/t/01E25EBZS3W0FY9GTG6C42E1SE/t_htl-dskt/tix-hotel/images-web/2021/05/10/161d0e43-e474-41ab-9b39-806d503b85ac-1620621307658-21c39a0b15596c6f50602bc986143452.jpg,D Carol Hotel Surabaya,"Bubutan, Surabaya","Jl. Gundih No. 8, Gundih, Kec. Bubutan, Kota Surabaya, Jawa Timur, Indonesia",4.2,197000,586075,"['InDOnesia CARE', 'WiFi', 'Parkir', 'Restoran', 'Resepsionis 24 Jam', 'Lift', 'AC', 'Fasilitas Rapat', 'InDOnesia CARE', 'WiFi', 'Parkir', 'Restoran', 'Resepsionis 24 Jam', 'Lift', 'AC', 'Fasilitas Rapat', 'Penyimpanan Barang', 'AC', 'Lounge', 'Fasilitas rapat', 'WiFi Publik', 'Lift', 'Restoran', 'Hewan Peliharaan Tidak Diperbolehkan', 'Penitipan Bagasi', 'Layanan Concierge', 'Resepsionis 24 Jam']",-7.247228,112.72946
2,https://s-light.tiket.photos/t/01E25EBZS3W0FY9GTG6C42E1SE/t_htl-dskt/tix-hotel/images-web/2020/11/01/78f1cc53-fab5-42dc-a48a-654585d2b9af-1604170357265-18dda4c6f1b8a909db85a6966faf43b0.jpg,Choice City Hotel,"Bubutan, Surabaya","Bubutan, Surabaya City, East Java 60174, Indonesia",4.4,270000,375000,"['InDOnesia CARE', 'tiket CLEAN', 'WiFi', 'Parkir', 'Restoran', 'Resepsionis 24 Jam', 'Spa', 'Lift', 'InDOnesia CARE', 'tiket CLEAN', 'WiFi', 'Parkir', 'Restoran', 'Resepsionis 24 Jam', 'Spa', 'Lift', 'AC', 'Fasilitas Rapat', 'Fasilitas Ramah Difabel', 'Penyimpanan Barang', 'Arena Game Center', 'Ruang game', 'Ruang Merokok', 'AC', 'Lounge', 'Fasilitas rapat', 'WiFi Publik', 'Lift', 'Restoran', 'ATM/Bank', 'Ruang merokok khusus', 'Parkir (Gratis)', 'Hewan Peliharaan Tidak Diperbolehkan']",-7.25599,112.733686
3,https://s-light.tiket.photos/t/01E25EBZS3W0FY9GTG6C42E1SE/t_htl-dskt/tix-hotel/images-web/2021/09/14/00618b5d-7451-4ccf-9ad8-b0271403f279-1631591122423-8be985e7bbdda20f68b9cd0b6ae0e62f.jpg,G Suites Hotel By AMITHYA,"Gubeng, Surabaya","Jl. Raya Gubeng No.43, Gubeng, Kec. Gubeng, Kota SBY, Jawa Timur",3.9,287000,1886000,"['InDOnesia CARE', 'tiket CLEAN', 'Kolam Renang', 'WiFi', 'Parkir', 'Restoran', 'Resepsionis 24 Jam', 'Lift', 'InDOnesia CARE', 'tiket CLEAN', 'Kolam Renang', 'WiFi', 'Parkir', 'Restoran', 'Resepsionis 24 Jam', 'Lift', 'AC', 'Pusat Kebugaran', 'Antar Jemput Bandara', 'Fasilitas Rapat', 'Hasil PCR Diperlukan', 'Bukti Vaksin Covid-19', 'Penyimpanan Barang', 'Fasilitas Gym', 'Fitness', 'Klub Malam', 'Ruang Merokok', 'AC', 'Lounge', 'Fasilitas rapat', 'WiFi Publik', 'Lift', 'Restoran', 'Ruang merokok khusus', 'Kolam Renang', 'Parkir (Gratis)', 'Penitipan Bagasi', 'Resepsionis 24 Jam', 'Layanan Laundry/Dry Cleaning', 'Brankas Hotel', 'Layanan Concierge', 'Penukaran Mata Uang']",-7.273623,112.747475
4,https://s-light.tiket.photos/t/01E25EBZS3W0FY9GTG6C42E1SE/t_htl-dskt/tix-hotel/images-web/2021/01/28/b8fc5fb8-013c-4dfb-85f2-1060b4c70913-1611825908276-1a3407721e1341ac038f988715fb3b9d.jpg,Royal Regantris Cendana formerly Royal Singosari Cendana,"Tegalsari, Surabaya","Jl. Kombes Pol. Moh. Duryat No.6, Tegalsari, Kec. Tegalsari, Kota SBY, Jawa Timur",4.2,390000,1200000,"['InDOnesia CARE', 'tiket CLEAN', 'WiFi', 'Parkir', 'Restoran', 'Resepsionis 24 Jam', 'Spa', 'Lift', 'InDOnesia CARE', 'tiket CLEAN', 'WiFi', 'Parkir', 'Restoran', 'Resepsionis 24 Jam', 'Spa', 'Lift', 'AC', 'Antar Jemput Bandara', 'Fasilitas Rapat', 'Bukti Vaksin Covid-19', 'Fasilitas Ramah Difabel', 'Penyimpanan Barang', 'Karaoke', 'Hewan Peliharaan Tidak Diperbolehkan', 'Spa', 'tiket CLEAN', 'InDOnesia CARE', 'Pijat']",-7.268379,112.739621
5,https://s-light.tiket.photos/t/01E25EBZS3W0FY9GTG6C42E1SE/t_htl-dskt/tix-hotel/images-web/2021/09/30/926a9e4c-cd11-47ec-b0d8-529aae29a977-1632992723027-a7610ba2da86cce645bd67e088af4806.jpg,Livinn Taman Melati Surabaya,"Mulyorejo, Surabaya","Jl. Mulyorejo Utara No.201, RT.006/RW.001, Mulyorejo, Kec. Mulyorejo, Mulyorejo, Surabaya, Jawa Timur, Indonesia, 60115",4.1,218249,307200,"['Kolam Renang', 'WiFi', 'Parkir', 'Resepsionis 24 Jam', 'Lift', 'AC', 'Kolam Renang', 'WiFi', 'Parkir', 'Resepsionis 24 Jam', 'Lift', 'AC', 'AC', 'Lift', 'Kolam Renang', 'Parkir (Gratis)', 'Resepsionis 24 Jam', 'Shower']",-7.261569,112.78547
6,https://s-light.tiket.photos/t/01E25EBZS3W0FY9GTG6C42E1SE/t_htl-dskt/tix-hotel/images-web/2021/01/10/a80c76c4-f3df-4c5f-8d9e-804e46aa3029-1610251521716-b02af7092e8d9278dcafd2689eadbec3.jpg,Hotel Great Diponegoro Surabaya,"Wonokromo, Surabaya","Jalan Diponegoro No.215, Surabaya, Jawa Timur 60241",4.2,325000,620000,"['InDOnesia CARE', 'tiket CLEAN', 'WiFi', 'Parkir', 'Restoran', 'Resepsionis 24 Jam', 'Lift', 'AC', 'InDOnesia CARE', 'tiket CLEAN', 'WiFi', 'Parkir', 'Restoran', 'Resepsionis 24 Jam', 'Lift', 'AC', 'Antar Jemput Bandara', 'Fasilitas Rapat', 'Hasil PCR Diperlukan', 'Bukti Vaksin Covid-19', 'Fasilitas Ramah Difabel', 'Penyimpanan Barang', 'Karaoke', 'Hewan Peliharaan Tidak Diperbolehkan', 'InDOnesia CARE', 'Wajib PCR untuk menginap >= 3 malam', 'tiket CLEAN']",-7.279568,112.730086
7,https://s-light.tiket.photos/t/01E25EBZS3W0FY9GTG6C42E1SE/t_htl-dskt/tix-hotel/images-web/2020/11/01/698b37f1-f06f-4497-9894-b25789322801-1604178059944-03515eda333baac64bd43a20bbbfde50.jpg,Arimbi Stay,"Gayungan, Surabaya",Jl. Cipta Menanggal Utara 66 Surabaya,4.2,276000,492000,"['tiket CLEAN', 'WiFi', 'Parkir', 'Restoran', 'Resepsionis 24 Jam', 'Lift', 'AC', 'Hasil PCR Diperlukan', 'tiket CLEAN', 'WiFi', 'Parkir', 'Restoran', 'Resepsionis 24 Jam', 'Lift', 'AC', 'Hasil PCR Diperlukan', 'Teras', 'AC', 'ATM/Bank', 'WiFi Publik', 'Lift', 'Restoran', 'Parkir (Gratis)', 'Hewan Peliharaan Tidak Diperbolehkan', 'Layanan Laundry/Dry Cleaning', 'Staf Multibahasa', 'Resepsionis 24 Jam']",-7.341528,112.721507
8,https://s-light.tiket.photos/t/01E25EBZS3W0FY9GTG6C42E1SE/t_htl-dskt/tix-hotel/images-web/2020/10/28/c7a1f3ef-d280-43b4-9d15-f987fe2c8955-1603898459469-0c2f8f27e1849c5805a85063c4c0fa71.jpg,Cleo Hotel Basuki Rahmat Surabaya,"Genteng, Surabaya","Jl. Jenderal Basuki Rachmat No.11, Embong Kaliasin, Kec. Genteng, Kota SBY, Jawa Timur",3.9,261000,265500,"['InDOnesia CARE', 'tiket CLEAN', 'WiFi', 'Parkir', 'Restoran', 'Resepsionis 24 Jam', 'AC', 'Bukti Vaksin Covid-19', 'InDOnesia CARE', 'tiket CLEAN', 'WiFi', 'Parkir', 'Restoran', 'Resepsionis 24 Jam', 'AC', 'Bukti Vaksin Covid-19', 'Penyimpanan Barang', 'AC', 'WiFi Publik', 'Restoran', 'Parkir (Gratis)', 'Hewan Peliharaan Tidak Diperbolehkan', 'Layanan Laundry/Dry Cleaning', 'Brankas Hotel', 'Penitipan Bagasi', 'Staf Multibahasa', 'Layanan Concierge', 'Resepsionis 24 Jam']",-7.263531,112.741318
9,https://s-light.tiket.photos/t/01E25EBZS3W0FY9GTG6C42E1SE/t_htl-dskt/tix-hotel/images-web/2022/03/28/897c677b-c4ff-4c7f-a0f5-ccdc77ce1970-1648433500619-e0d81ad07c3651ce9b3c855b658acc35.jpg,ASTON Inn Jemursari,"Wonocolo, Surabaya","Jl. Sidosermo II No. 70, Surabaya",4.4,336720,1375000,"['tiket CLEAN', 'Kolam Renang', 'WiFi', 'Parkir', 'Restoran', 'Resepsionis 24 Jam', 'Lift', 'AC', 'tiket CLEAN', 'Kolam Renang', 'WiFi', 'Parkir', 'Restoran', 'Resepsionis 24 Jam', 'Lift', 'AC', 'Antar Jemput Bandara', 'Fasilitas Rapat', 'Penyimpanan Barang', 'Ruang Merokok', 'AC', 'Fasilitas rapat', 'WiFi Publik', 'Lift', 'Restoran', 'Ruang merokok khusus', 'Kolam Renang', 'Parkir (Gratis)', 'Hewan Peliharaan Tidak Diperbolehkan', 'Penitipan Bagasi', 'Resepsionis 24 Jam', 'Layanan Laundry/Dry Cleaning', 'Staf Multibahasa']",-7.311514,112.749716
10,https://s-light.tiket.photos/t/01E25EBZS3W0FY9GTG6C42E1SE/t_htl-dskt/tix-hotel/images-web/2020/10/28/464b29ed-123a-4d56-9e70-a5c9d80d2b61-1603896600804-55a4d043761ab173053fe65ad5a4428a.jpg,Varna Culture Hotel Tunjungan Surabaya,"Genteng, Surabaya",Jalan Tunjungan No.51,4.2,265024,1888000,"['tiket CLEAN', 'WiFi', 'Parkir', 'Restoran', 'Resepsionis 24 Jam', 'Lift', 'AC', 'Antar Jemput Bandara', 'tiket CLEAN', 'WiFi', 'Parkir', 'Restoran', 'Resepsionis 24 Jam', 'Lift', 'AC', 'Antar Jemput Bandara', 'Fasilitas Rapat', 'Fasilitas Anak', 'Fasilitas Ramah Difabel', 'Penyimpanan Barang', 'Ruang Merokok', 'AC', 'Fasilitas rapat', 'WiFi Publik', 'Lift', 'Restoran', 'Perpustakaan', 'Ruang merokok khusus', 'Parkir (Gratis)', 'Hewan Peliharaan Tidak Diperbolehkan', 'Penitipan Bagasi', 'Tur', 'Resepsionis 24 Jam', 'Layanan Laundry/Dry Cleaning', 'Brankas Hotel', 'Layanan Concierge']",-7.259055,112.739016
11,https://s-light.tiket.photos/t/01E25EBZS3W0FY9GTG6C42E1SE/t_htl-dskt/tix-hotel/images-web/2020/11/01/2eea778f-5419-4cc9-ae76-58ac76b04d0a-1604173986137-3234c7d72bb7c87e6f608d9b474375f3.jpg,Djuragan Kamar Gunung Anyar,"Gunung Anyar, Surabaya","Jl. Gunung Anyar Lor II No.80, Gn. Anyar, Kec. Gn. Anyar, Kota SBY, Jawa Timur 60294",4.2,200000,200001,"['tiket CLEAN', 'WiFi', 'Parkir', 'Resepsionis 24 Jam', 'Lift', 'AC', 'tiket CLEAN', 'WiFi', 'Parkir', 'Resepsionis 24 Jam', 'Lift', 'AC', 'Ruang Merokok', 'AC', 'Ruang merokok khusus', 'Lift', 'Parkir (Gratis)', 'Hewan Peliharaan Tidak Diperbolehkan', 'Resepsionis 24 Jam']",-7.33453,112.783668
12,https://s-light.tiket.photos/t/01E25EBZS3W0FY9GTG6C42E1SE/t_htl-dskt/tix-hotel/images-web/2020/10/31/306f316b-b4c3-42c9-a3d7-f8a0f165adba-1604139036147-5a87253e500cad9de01e0c54a81085c8.jpg,Bekizaar Hotel Surabaya,"Genteng, Surabaya","Jl. Basuki Rahmat No.15, Embong Kaliasin, Kec. Genteng, Kota SBY, Jawa Timur",4.0,251772,434477,"['tiket CLEAN', 'WiFi', 'Parkir', 'Restoran', 'Resepsionis 24 Jam', 'Spa', 'Lift', 'AC', 'tiket CLEAN', 'WiFi', 'Parkir', 'Restoran', 'Resepsionis 24 Jam', 'Spa', 'Lift', 'AC', 'Antar Jemput Bandara', 'Fasilitas Rapat', 'Fasilitas Ramah Difabel', 'Penyimpanan Barang', 'Ruang Merokok', 'AC', 'Fasilitas rapat', 'WiFi Publik', 'Lift', 'Restoran', 'Ruang merokok khusus', 'Parkir (Gratis)', 'Hewan Peliharaan Tidak Diperbolehkan', 'Penitipan Bagasi', 'Rak Koran', 'Resepsionis 24 Jam', 'Layanan Laundry/Dry Cleaning', 'Brankas Hotel', 'Layanan Concierge']",-7.2636262,112.7412572
13,https://s-light.tiket.photos/t/01E25EBZS3W0FY9GTG6C42E1SE/t_htl-dskt/tix-hotel/images-web/2020/10/31/53cbeabb-660b-4954-814d-5ead71b0e62d-1604151172920-e63c0cf4fb7acab2ed1ddb004d549ab7.jpg,Halogen Hotel Airport Surabaya,"Juanda, Surabaya","Raya By Pass Juanda Street No. 18 Sidoarjo 61253,surabaya",4.2,340000,470000,"['tiket CLEAN', 'WiFi', 'Parkir', 'Restoran', 'Resepsionis 24 Jam', 'Spa', 'Lift', 'AC', 'tiket CLEAN', 'WiFi', 'Parkir', 'Restoran', 'Resepsionis 24 Jam', 'Spa', 'Lift', 'AC', 'Antar Jemput Bandara', 'Fasilitas Rapat', 'Fasilitas Ramah Difabel', 'Penyimpanan Barang', 'Karaoke', 'Hewan Peliharaan Tidak Diperbolehkan', 'Spa', 'tiket CLEAN', 'Pijat']",-7.371729,112.760575
14,https://s-light.tiket.photos/t/01E25EBZS3W0FY9GTG6C42E1SE/t_htl-dskt/tix-hotel/images-web/2020/10/31/6f62f674-f506-4538-bfaa-eeef3f7d0ad6-1604139385615-6360a927d6d53adc50ca3a25d3c6f06a.jpg,Quds Royal Hotel Surabaya,"Semampir, Surabaya","Jl. Sultan Iskandar Muda No.85, Ampel, Kec. Semampir, Kota SBY, Jawa Timur 60151, Indonesia",4.1,397950,585200,"['tiket CLEAN', 'WiFi', 'Parkir', 'Restoran', 'Resepsionis 24 Jam', 'Lift', 'AC', 'Fasilitas Rapat', 'tiket CLEAN', 'WiFi', 'Parkir', 'Restoran', 'Resepsionis 24 Jam', 'Lift', 'AC', 'Fasilitas Rapat', 'Penyimpanan Barang', 'Ruang Merokok', 'AC', 'Lounge', 'Fasilitas rapat', 'WiFi Publik', 'Lift', 'Restoran', 'Ruang merokok khusus', 'Parkir (Gratis)', 'Hewan Peliharaan Tidak Diperbolehkan', 'Penitipan Bagasi', 'Tur', 'Resepsionis 24 Jam', 'Layanan Laundry/Dry Cleaning', 'Brankas Hotel']",-7.225502,112.741244
15,https://s-light.tiket.photos/t/01E25EBZS3W0FY9GTG6C42E1SE/t_htl-dskt/tix-hotel/images-web/2022/01/27/f1f22288-a603-4fa2-a0cc-8deecb50337e-1643258115152-0f4e890cfd979bd875776259437f8d0f.jpg,Life Hotel Stasiun Kota Surabaya,"Genteng, Surabaya","Jl. Pecindilan No.66, Kapasari, Kec. Genteng, Kota SBY, Jawa Timur 60161, Indonesia",3.6,120152,341897,"['tiket CLEAN', 'WiFi', 'Parkir', 'Restoran', 'Resepsionis 24 Jam', 'Spa', 'Lift', 'AC', 'tiket CLEAN', 'WiFi', 'Parkir', 'Restoran', 'Resepsionis 24 Jam', 'Spa', 'Lift', 'AC', 'Antar Jemput Bandara', 'Fasilitas Rapat', 'Penyimpanan Barang', 'Teras', 'AC', 'Lounge', 'WiFi Publik', 'Lift', 'Restoran', 'Hewan Peliharaan Tidak Diperbolehkan', 'Penitipan Bagasi', 'Tur', 'Rak Koran', 'Layanan Pernikahan', 'Resepsionis 24 Jam', 'Layanan Laundry/Dry Cleaning', 'Brankas Hotel', 'Staf Multibahasa', 'Layanan Concierge', 'Penukaran Mata Uang']",-7.244324,112.747742
16,https://s-light.tiket.photos/t/01E25EBZS3W0FY9GTG6C42E1SE/t_htl-dskt/tix-hotel/images-web/2020/10/28/a3c840b9-a78a-4781-8f1f-277778ee2c66-1603886220305-3c4a62f12b2dca1f9c0bd89dcf48ff32.jpg,Best Hotel Surabaya,"Tegalsari, Surabaya","Jl. Kedungsari No.29, Wonorejo, Kec. Tegalsari, Kota SBY, Jawa Timur 60263, Indonesia",4.2,245000,285000,"['tiket CLEAN', 'WiFi', 'Parkir', 'Restoran', 'Resepsionis 24 Jam', 'Lift', 'AC', 'Fasilitas Rapat', 'tiket CLEAN', 'WiFi', 'Parkir', 'Restoran', 'Resepsionis 24 Jam', 'Lift', 'AC', 'Fasilitas Rapat', 'Ruang Merokok', 'AC', 'Fasilitas rapat', 'Ruang merokok khusus', 'WiFi Publik', 'Lift', 'Restoran', 'Ruang Tamu', 'Parkir (Gratis)', 'Hewan Peliharaan Tidak Diperbolehkan', 'Layanan Laundry/Dry Cleaning', 'Resepsionis 24 Jam']",-7.26845,112.734914
17,https://s-light.tiket.photos/t/01E25EBZS3W0FY9GTG6C42E1SE/t_htl-dskt/tix-hotel/images-web/2021/04/22/8317b5bf-7916-4455-bcc4-402cbce8c96f-1619103317482-e06a7004ad8a4dd1bb6c3d0a4a079def.jpg,Bisanta Bidakara Surabaya,"Tegalsari, Surabaya","Jl. Tegalsari No.77-85, Tegalsari, Kec. Tegalsari, Kota SBY, Jawa Timur",3.9,310000,550000,"['InDOnesia CARE', 'tiket CLEAN', 'Kolam Renang', 'WiFi', 'Parkir', 'Restoran', 'Resepsionis 24 Jam', 'AC', 'InDOnesia CARE', 'tiket CLEAN', 'Kolam Renang', 'WiFi', 'Parkir', 'Restoran', 'Resepsionis 24 Jam', 'AC', 'Pusat Kebugaran', 'Fasilitas Rapat', 'Penyimpanan Barang', 'Fasilitas Gym', 'Fitness', 'AC', 'Fasilitas rapat', 'WiFi Publik', 'Restoran', 'Kolam Renang', 'Parkir (Gratis)', 'Hewan Peliharaan Tidak Diperbolehkan']",-7.267219,112.736801
18,https://s-light.tiket.photos/t/01E25EBZS3W0FY9GTG6C42E1SE/t_htl-dskt/tix-hotel/images-web/2021/08/27/1e2fbb45-70e9-4437-9a9f-41176bdd7ad6-1630057528430-db66f73baefa0baa2b1cf37e30f23fe0.jpg,Kampi Hotel Tunjungan - Surabaya,"Genteng, Surabaya","Jl. Taman Apsari No.3-5, Embong Kaliasin, Genteng, Kota SBY, Jawa Timur 60271",4.5,506998,1249998,"['InDOnesia CARE', 'tiket CLEAN', 'WiFi', 'Parkir', 'Restoran', 'Resepsionis 24 Jam', 'Spa', 'Lift', 'InDOnesia CARE', 'tiket CLEAN', 'WiFi', 'Parkir', 'Restoran', 'Resepsionis 24 Jam', 'Spa', 'Lift', 'AC', 'Pusat Kebugaran', 'Antar Jemput Bandara', 'Fasilitas Rapat', 'Hasil PCR Diperlukan', 'Hasil Antigen Diperlukan', 'Fasilitas Ramah Difabel', 'Penyimpanan Barang', 'Fasilitas Gym', 'Fitness', 'Ruang Merokok', 'AC', 'Fasilitas rapat', 'WiFi Publik', 'Lift', 'Restoran', 'Porter/Bell-boy', 'Ruang merokok khusus', 'Parkir (Gratis)', 'Hewan Peliharaan Tidak Diperbolehkan']",-7.264382,112.743185
19,https://s-light.tiket.photos/t/01E25EBZS3W0FY9GTG6C42E1SE/t_htl-dskt/tix-hotel/images-web/2020/10/29/3069cafd-8ae8-4dac-b339-c6a0736e59dd-1603906753080-5955f2269136af29b3b3c183537fd06a.jpg,Hersya Front One Inn Surabaya,"Gayungan, Surabaya","Jl. Ketintang Baru III No.58, Ketintang, Kec. Gayungan, Kota SBY, Jawa Timur",4.0,321513,593368,"['tiket CLEAN', 'WiFi', 'Parkir', 'Restoran', 'Resepsionis 24 Jam', 'Lift', 'AC', 'Antar Jemput Bandara', 'tiket CLEAN', 'WiFi', 'Parkir', 'Restoran', 'Resepsionis 24 Jam', 'Lift', 'AC', 'Antar Jemput Bandara', 'Penyimpanan Barang', 'AC', 'Lift', 'Restoran', 'Parkir (Gratis)', 'Layanan Laundry/Dry Cleaning', 'Penitipan Bagasi', 'Resepsionis 24 Jam', 'tiket CLEAN']",-7.317783,112.729921
20,https://s-light.tiket.photos/t/01E25EBZS3W0FY9GTG6C42E1SE/t_htl-dskt/tix-hotel/images-web/2020/10/28/782a6b82-c7dc-42be-8d39-e16f434715e3-1603895504102-efeb52cc0db40fcf0bc3b6ed6f8c6c12.jpg,The Win Hotel Surabaya,"Genteng, Surabaya","Jl. Embong Tj. No.46-48, Embong Kaliasin, Kec. Genteng, Kota SBY, Jawa Timur 60271",3.7,285799,375100,"['InDOnesia CARE', 'tiket CLEAN', 'WiFi', 'Parkir', 'Restoran', 'Lift', 'Antar Jemput Bandara', 'Fasilitas Rapat', 'InDOnesia CARE', 'tiket CLEAN', 'WiFi', 'Parkir', 'Restoran', 'Lift', 'Antar Jemput Bandara', 'Fasilitas Rapat', 'Fasilitas Ramah Difabel', 'Penyimpanan Barang', 'Ruang Merokok', 'Fasilitas rapat', 'WiFi Publik', 'Lift', 'Restoran', 'Ruang merokok khusus', 'Parkir (Gratis)', 'Hewan Peliharaan Tidak Diperbolehkan', 'Penitipan Bagasi', 'Layanan Laundry/Dry Cleaning', 'Brankas Hotel', 'Layanan Concierge']",-7.267701,112.747622
21,https://s-light.tiket.photos/t/01E25EBZS3W0FY9GTG6C42E1SE/t_htl-dskt/tix-hotel/images-web/2020/10/28/eddd3894-e2fa-46eb-8a1e-7b6113ef47e6-1603887113567-61e16860a5ee24d016ceff99cd0b389a.jpg,Tab Hotel Darmo Permai Surabaya,"Dukuh Pakis, Surabaya","Jl. Raya Darmo Permai Selatan No.712 - 713, Pradahkalikendal, Kec. Dukuhpakis, Kota SBY, Jawa Timur",3.8,221213,850000,"['InDOnesia CARE', 'tiket CLEAN', 'WiFi', 'Parkir', 'Restoran', 'Resepsionis 24 Jam', 'Lift', 'AC', 'InDOnesia CARE', 'tiket CLEAN', 'WiFi', 'Parkir', 'Restoran', 'Resepsionis 24 Jam', 'Lift', 'AC', 'Antar Jemput Bandara', 'Fasilitas Rapat', 'Karaoke', 'Ruang Merokok', 'AC', 'Fasilitas rapat', 'WiFi Publik', 'Lift', 'Restoran', 'Ruang merokok khusus', 'Parkir (Gratis)', 'Hewan Peliharaan Tidak Diperbolehkan']",-7.2792799,112.6833863
22,https://s-light.tiket.photos/t/01E25EBZS3W0FY9GTG6C42E1SE/t_htl-dskt/tix-hotel/images-web/2021/03/12/d28c47a4-021a-49ae-8ebb-df264eab4295-1615530941247-10a152b582a9ca74425ff441a8cdb75e.jpg,Hotel Oval Surabaya,"Wonokromo, Surabaya","Jl. Diponegoro No.23, Darmo, Kec. Wonokromo, Kota SBY, Jawa Timur",3.9,202301,450450,"['tiket CLEAN', 'WiFi', 'Parkir', 'Restoran', 'Resepsionis 24 Jam', 'Lift', 'AC', 'Antar Jemput Bandara', 'tiket CLEAN', 'WiFi', 'Parkir', 'Restoran', 'Resepsionis 24 Jam', 'Lift', 'AC', 'Antar Jemput Bandara', 'Fasilitas Rapat', 'Fasilitas Ramah Difabel', 'Penyimpanan Barang', 'AC', 'Fasilitas rapat', 'WiFi Publik', 'Lift', 'Restoran', 'Ruang Tamu', 'Parkir (Gratis)', 'Hewan Peliharaan Tidak Diperbolehkan', 'Penitipan Bagasi', 'Tur', 'Rak Koran', 'Layanan Pernikahan', 'Resepsionis 24 Jam', 'Layanan Laundry/Dry Cleaning', 'Brankas Hotel', 'Layanan Concierge']",-7.293936,112.737212
23,https://s-light.tiket.photos/t/01E25EBZS3W0FY9GTG6C42E1SE/t_htl-dskt/tix-hotel/images-web/2021/03/12/2f715240-9ff6-4643-b24c-045cc1add322-1615544139909-7242cc884618e432544aff26c68e24af.jpg,RedDoorz Plus near Stasiun TVRI Surabaya 2,"Sawahan, Surabaya","Jl. Dukuh Kupang No.139, RT.008/RW.09, Pakis, Kec. Sawahan, Kota SBY, Jawa Timur 60256",4.5,190751,287280,"['tiket CLEAN', 'WiFi', 'Parkir', 'Resepsionis 24 Jam', 'AC', 'tiket CLEAN', 'WiFi', 'Parkir', 'Resepsionis 24 Jam', 'AC', 'Ruang Merokok', 'AC', 'Ruang merokok khusus', 'Parkir (Gratis)', 'Hewan Peliharaan Tidak Diperbolehkan', 'Check-out Tanpa Antre', 'Resepsionis 24 Jam']",-7.286934,112.714765
24,https://s-light.tiket.photos/t/01E25EBZS3W0FY9GTG6C42E1SE/t_htl-dskt/tix-hotel/images-web/2021/10/24/87c5619d-57fb-4458-8f46-29268a557bd5-1635089448606-e93e79a577cfd10a24802745b5aa1376.jpg,Ibis Surabaya City Center,"Genteng, Surabaya","Jl. Basuki Rahmat No.96, Embong Kaliasin, Kec. Genteng, Kota SBY, Jawa Timur 60271, Indonesia",4.3,394900,449899,"['Restoran', 'Lift', 'AC', 'Fasilitas Rapat', 'Restoran', 'Lift', 'AC', 'Fasilitas Rapat', 'AC', 'Lounge', 'Fasilitas rapat', 'Lift', 'Restoran']",-7.269669,112.741228
25,https://s-light.tiket.photos/t/01E25EBZS3W0FY9GTG6C42E1SE/t_htl-dskt/tix-hotel/images-web/2021/04/01/52ddd62a-9fdc-4ac7-9aa3-d01a86a41817-1617264310811-2a28ad8c5ee3daf6a75e64c862dd9532.jpg,Life Taman Melati Surabaya,"Mulyorejo, Surabaya","Jln Mulyorejo Utara No,201, Mulyorejo Surabaya",3.7,219760,274700,"['tiket CLEAN', 'Kolam Renang', 'WiFi', 'Parkir', 'Restoran', 'Resepsionis 24 Jam', 'Lift', 'AC', 'tiket CLEAN', 'Kolam Renang', 'WiFi', 'Parkir', 'Restoran', 'Resepsionis 24 Jam', 'Lift', 'AC', 'Antar Jemput Bandara', 'Fasilitas Rapat', 'Fasilitas Anak', 'Bukti Vaksin Covid-19', 'Kolam Renang Outdoor', 'Bola Basket', 'Hewan Peliharaan Tidak Diperbolehkan', 'Area bermain anak-anak', 'Kolam anak']",-7.261415,112.785399
26,https://s-light.tiket.photos/t/01E25EBZS3W0FY9GTG6C42E1SE/t_htl-dskt/tix-hotel/images-web/2020/10/31/a08b2ad9-afe5-42d2-b62f-e2ddd7b4d3a9-1604151942636-624474a2aa0b119cfc33d2dd9c611ee2.jpg,Prime Royal Hotel Surabaya,"Sawahan, Surabaya","004, Jl. Kranggan No.105, RW.08, Sawahan, Kec. Sawahan, Kota SBY, Jawa Timur 60251, Indonesia",3.6,219999,699999,"['Kolam Renang', 'WiFi', 'Parkir', 'Restoran', 'Resepsionis 24 Jam', 'Lift', 'AC', 'Fasilitas Rapat', 'Kolam Renang', 'WiFi', 'Parkir', 'Restoran', 'Resepsionis 24 Jam', 'Lift', 'AC', 'Fasilitas Rapat', 'Penyimpanan Barang', 'Ruang Merokok', 'AC', 'Fasilitas rapat', 'Ruang merokok khusus', 'WiFi Publik', 'Lift', 'Kolam Renang', 'Restoran', 'Parkir (Gratis)', 'Hewan Peliharaan Tidak Diperbolehkan', 'Layanan Laundry/Dry Cleaning', 'Penitipan Bagasi', 'Resepsionis 24 Jam']",-7.256421,112.729877
27,https://s-light.tiket.photos/t/01E25EBZS3W0FY9GTG6C42E1SE/t_htl-dskt/tix-hotel/images-web/2021/03/12/2a5469b0-c624-48e9-a329-7751ecaad01d-1615534551443-1bef24670666405c693ff9fb995c097a.jpg,BATIQA Hotel Darmo Surabaya,"Wonokromo, Surabaya","Jalan Darmokali No.60, Darmo, Wonokromo, Kota SBY, Jawa Timur 60241",4.2,301750,409500,"['InDOnesia CARE', 'tiket CLEAN', 'WiFi', 'Parkir', 'Restoran', 'Resepsionis 24 Jam', 'Lift', 'AC', 'InDOnesia CARE', 'tiket CLEAN', 'WiFi', 'Parkir', 'Restoran', 'Resepsionis 24 Jam', 'Lift', 'AC', 'Antar Jemput Bandara', 'Fasilitas Rapat', 'Penyimpanan Barang', 'Ruang Merokok', 'AC', 'Fasilitas rapat', 'WiFi Publik', 'Lift', 'Restoran', 'Ruang merokok khusus', 'Parkir (Gratis)', 'Hewan Peliharaan Tidak Diperbolehkan', 'Penitipan Bagasi', 'Tur', 'Resepsionis 24 Jam', 'Layanan Laundry/Dry Cleaning', 'Brankas Hotel', 'Layanan Concierge', 'Kotak P3K']",-7.294299,112.740616
28,https://s-light.tiket.photos/t/01E25EBZS3W0FY9GTG6C42E1SE/t_htl-dskt/tix-hotel/images-web/2020/10/28/d94154b2-4b28-4a91-8b60-0d8ad81f3715-1603897212937-26cd4dc3805940beaa03fab64fa56980.jpg,Hotel Utami Surabaya,"Juanda, Surabaya","Jl. Raya Juanda Selatan No.36 Semambung Sidoarjo Jawa Timur, East Java 61253, Indonesia",3.7,311674,741434,"['tiket CLEAN', 'WiFi', 'Parkir', 'Restoran', 'Resepsionis 24 Jam', 'AC', 'Fasilitas Rapat', 'tiket CLEAN', 'WiFi', 'Parkir', 'Restoran', 'Resepsionis 24 Jam', 'AC', 'Fasilitas Rapat', 'Ruang Merokok', 'AC', 'Fasilitas rapat', 'Ruang merokok khusus', 'WiFi Publik', 'Restoran', 'Ruang Tamu', 'Parkir (Gratis)', 'Hewan Peliharaan Tidak Diperbolehkan', 'Layanan Laundry/Dry Cleaning', 'Brankas Hotel', 'Resepsionis 24 Jam']",-7.382276,112.744968
29,https://s-light.tiket.photos/t/01E25EBZS3W0FY9GTG6C42E1SE/t_htl-dskt/tix-hotel/images-web/2021/06/08/7fd7e4c4-feab-44b5-a53d-1c84f808c91c-1623120908561-49cc30dfb4feba66108fbdd155c0e905.jpg,Sans Hotel Rajawali Surabaya,"Krembangan, Surabaya","Jl. Rajawali No.72, Krembangan Sel., Kec. Krembangan, Kota SBY, Jawa Timur 60175, Indonesia",4.5,239400,353249,"['tiket CLEAN', 'WiFi', 'Parkir', 'Resepsionis 24 Jam', 'AC', 'tiket CLEAN', 'WiFi', 'Parkir', 'Resepsionis 24 Jam', 'AC', 'Ruang Merokok', 'AC', 'Ruang merokok khusus', 'WiFi Publik', 'Parkir (Gratis)', 'Hewan Peliharaan Tidak Diperbolehkan', 'Resepsionis 24 Jam']",-7.23425,112.731738
30,https://s-light.tiket.photos/t/01E25EBZS3W0FY9GTG6C42E1SE/t_htl-dskt/tix-hotel/images-web/2021/02/02/d2543d09-40cb-478d-920f-2716b6860f0f-1612239908961-65650814ce77da36884423c3daec8d29.jpg,Bam-Bam House Syariah,"Lowokwaru, Malang","Jl. Kadaka No. 3, Jatimulyo, Lowokwaru, Malang",4.4,300000,300000,"['tiket CLEAN', 'WiFi', 'Parkir', 'Restoran', 'Resepsionis 24 Jam', 'Lift', 'AC', 'Antar Jemput Bandara', 'tiket CLEAN', 'WiFi', 'Parkir', 'Restoran', 'Resepsionis 24 Jam', 'Lift', 'AC', 'Antar Jemput Bandara', 'Fasilitas Rapat', 'Perlengkapan BBQ', 'Penyimpanan Barang', 'Board Game', 'AC', 'Lift', 'Restoran', 'Parkir (Gratis)', 'Hewan Peliharaan Tidak Diperbolehkan']",-7.94526,112.619946
31,https://s-light.tiket.photos/t/01E25EBZS3W0FY9GTG6C42E1SE/t_htl-dskt/tix-hotel/images-web/2020/10/29/d36436bd-6761-4380-801a-dc6b69724627-1603911392120-6ff859f64af727d22761dfbf56da5096.jpg,Whiz Prime Hotel Basuki Rahmat Malang,"Klojen, Malang","Jl. Jenderal Basuki Rahmat No.85-87, Klojen, Kec. Klojen, Kota Malang, Jawa Timur 65119",4.2,400781,498750,"['InDOnesia CARE', 'tiket CLEAN', 'Kolam Renang', 'WiFi', 'Parkir', 'Restoran', 'Resepsionis 24 Jam', 'Lift', 'InDOnesia CARE', 'tiket CLEAN', 'Kolam Renang', 'WiFi', 'Parkir', 'Restoran', 'Resepsionis 24 Jam', 'Lift', 'AC', 'Antar Jemput Bandara', 'Fasilitas Rapat', 'Bukti Vaksin Covid-19', 'AC', 'Fasilitas rapat', 'Lift', 'Restoran', 'Ruang Tamu', 'Kolam Renang', 'Parkir (Gratis)', 'Hewan Peliharaan Tidak Diperbolehkan', 'Penitipan Bagasi', 'Tur', 'Resepsionis 24 Jam', 'Layanan Laundry/Dry Cleaning', 'Layanan Concierge']",-7.9761065,112.6291416
32,https://s-light.tiket.photos/t/01E25EBZS3W0FY9GTG6C42E1SE/t_htl-dskt/tix-hotel/images-web/2020/10/31/80cc1115-d10c-460a-8e9b-5ed8f68df471-1604156592832-2a0cda9f048de6c90bc4c3303daadca8.jpg,OYO 1289 Cbr Residence,"Blimbing, Malang","17, Jl. Candi Bajang Ratu No. 17, Purwantoro, Kec. Blimbing, Malang",4.3,105448,174315,"['tiket CLEAN', 'WiFi', 'Parkir', 'Resepsionis 24 Jam', 'AC', 'tiket CLEAN', 'WiFi', 'Parkir', 'Resepsionis 24 Jam', 'AC', 'Teras', 'Ruang Merokok', 'AC', 'Ruang merokok khusus', 'WiFi Publik', 'Ruang Tamu', 'Parkir (Gratis)', 'Hewan Peliharaan Tidak Diperbolehkan', 'Resepsionis 24 Jam']",-7.944676,112.639256
33,https://s-light.tiket.photos/t/01E25EBZS3W0FY9GTG6C42E1SE/t_htl-dskt/tix-hotel/images-web/2022/04/26/df4cab07-8931-4875-8de4-4479ae4e36eb-1650938133579-dc24ad8526fa28c509d38c3b7be33fd9.jpg,RedDoorz near Alun Alun Batu 2,"Batu, Malang","Jl. Sudiro No.10, Sisir, Kec. Batu, Kota Batu, Jawa Timur 65314, Indonesia",5.0,198000,198000,"['tiket CLEAN', 'WiFi', 'Parkir', 'Resepsionis 24 Jam', 'AC', 'tiket CLEAN', 'WiFi', 'Parkir', 'Resepsionis 24 Jam', 'AC', 'AC', 'WiFi Publik', 'Parkir (Gratis)', 'Hewan Peliharaan Tidak Diperbolehkan', 'Resepsionis 24 Jam']",-7.873385,112.526402
34,https://s-light.tiket.photos/t/01E25EBZS3W0FY9GTG6C42E1SE/t_htl-dskt/tix-hotel/images-web/2020/10/28/c6bf49fa-6334-402a-b587-796b8538c2d1-1603894625657-d610be0228d11c7399a78ab22d6a9235.jpg,MaxOne Ascent Hotel Malang,"Klojen, Malang","Jl. Jaksa Agung Suprapto No.75 A, Rampal Celaket, Kec. Klojen, Kota Malang, Jawa Timur",4.1,384750,655500,"['InDOnesia CARE', 'tiket CLEAN', 'Kolam Renang', 'WiFi', 'Parkir', 'Restoran', 'Resepsionis 24 Jam', 'Lift', 'InDOnesia CARE', 'tiket CLEAN', 'Kolam Renang', 'WiFi', 'Parkir', 'Restoran', 'Resepsionis 24 Jam', 'Lift', 'AC', 'Antar Jemput Bandara', 'Fasilitas Rapat', 'Akses Kursi Roda', 'Bukti Vaksin Covid-19', 'Ruang Merokok', 'AC', 'Tempat berjemur', 'Fasilitas rapat', 'Lift', 'Restoran', 'Ruang merokok khusus', 'Kolam Renang', 'Parkir (Gratis)', 'Hewan Peliharaan Tidak Diperbolehkan', 'Penitipan Bagasi', 'Tur', 'Resepsionis 24 Jam', 'Layanan Laundry/Dry Cleaning']",-7.9658766,112.6338801
35,https://s-light.tiket.photos/t/01E25EBZS3W0FY9GTG6C42E1SE/t_htl-dskt/tix-hotel/images-web/2022/02/14/501832c6-77d2-459e-bfc3-27a4b402cd5d-1644850844769-7af844a222b93f2bbcc68bfd9f80064a.jpg,Bayleaf Guest House Syariah,"Batu, Malang","Jl. Argopuro No. 2, Sisir, Batu, Kota Batu",4.6,399000,399000,"['tiket CLEAN', 'WiFi', 'Parkir', 'Resepsionis 24 Jam', 'Bukti Vaksin Covid-19', 'Pengisian Kendaraan Listrik', 'Fasilitas Ramah Difabel', 'Penyimpanan Barang', 'tiket CLEAN', 'WiFi', 'Parkir', 'Resepsionis 24 Jam', 'Bukti Vaksin Covid-19', 'Pengisian Kendaraan Listrik', 'Fasilitas Ramah Difabel', 'Penyimpanan Barang', 'Teras', 'Ruang Merokok', 'WiFi Publik', 'Pemadam Api', 'Ruang merokok khusus', 'Parkir (Gratis)', 'Hewan Peliharaan Tidak Diperbolehkan', 'Penitipan Bagasi', 'Check-in Tanpa Antre', 'Resepsionis 24 Jam', 'Check-out Tanpa Antre', 'Kotak P3K']",-7.876602,112.533389
36,https://s-light.tiket.photos/t/01E25EBZS3W0FY9GTG6C42E1SE/t_htl-dskt/tix-hotel/images-web/2022/01/18/0aeb07f5-6386-4cd8-ad49-c0d810bf6c83-1642475723816-70139267b96891a91bf3e5f3fe5819d1.jpg,My Dormy Hostel UMM,"Dau, Malang","Jl. Raya Tlogomas No.246, Babatan, Tegalgondo, Kec. Lowokwaru, Kota Malang, Jawa Timur 65144",4.5,265050,350550,"['tiket CLEAN', 'WiFi', 'Parkir', 'Restoran', 'Resepsionis 24 Jam', 'AC', 'Pusat Kebugaran', 'Fasilitas Anak', 'tiket CLEAN', 'WiFi', 'Parkir', 'Restoran', 'Resepsionis 24 Jam', 'AC', 'Pusat Kebugaran', 'Fasilitas Anak', 'Penyimpanan Barang', 'Karaoke', 'Fitness', 'Fasilitas Gym', 'Porter/Bell-boy', 'AC', 'Restoran', 'Parkir (Gratis)', 'Hewan Peliharaan Tidak Diperbolehkan']",-7.923388,112.601588
37,https://s-light.tiket.photos/t/01E25EBZS3W0FY9GTG6C42E1SE/t_htl-dskt/tix-hotel/images-web/2021/11/11/eaec5b7f-d9ad-4d46-bdbe-1f37c06a7da9-1636644184731-56d84da949e36056d12f75d5921b1e8a.jpg,ibis Styles Malang,"Blimbing, Malang",Jl S Parman 45,4.2,469902,1071132,"['tiket CLEAN', 'Kolam Renang', 'WiFi', 'Parkir', 'Restoran', 'Resepsionis 24 Jam', 'Lift', 'AC', 'tiket CLEAN', 'Kolam Renang', 'WiFi', 'Parkir', 'Restoran', 'Resepsionis 24 Jam', 'Lift', 'AC', 'Pusat Kebugaran', 'Fasilitas Rapat', 'Pemandangan Laut', 'Fasilitas Ramah Difabel', 'Penyimpanan Barang', 'TV di area umum', 'Lapangan golf di dalam properti', 'Fitness', 'Kolam Renang Anak', 'Ruang Merokok', 'AC', 'Lift', 'Restoran', 'Porter/Bell-boy', 'Pantai', 'Ruang merokok khusus', 'Penitipan Bagasi', 'Rak Koran', 'Ruang koper', 'Resepsionis 24 Jam', 'Layanan Laundry/Dry Cleaning', 'Layanan Concierge', 'Penukaran Mata Uang']",-7.952516,112.638744
38,https://s-light.tiket.photos/t/01E25EBZS3W0FY9GTG6C42E1SE/t_htl-dskt/tix-hotel/images-web/2021/01/21/0f2bd481-6ce9-458a-bfe7-9f55c82f54db-1611215708742-01e0afb20c09938816b522f866d12a14.jpg,RedDoorz Syariah @ Mitra Guest House,"Batu, Malang","Jl. Ir Sukarno No. 369, Mojorejo, Kec. Junrejo, Kota Batu, Jawa Timur, Indonesia",4.6,179550,251370,"['tiket CLEAN', 'WiFi', 'Parkir', 'Resepsionis 24 Jam', 'AC', 'tiket CLEAN', 'WiFi', 'Parkir', 'Resepsionis 24 Jam', 'AC', 'AC', 'WiFi Publik', 'Parkir (Gratis)', 'Hewan Peliharaan Tidak Diperbolehkan', 'Resepsionis 24 Jam']",-7.90099,112.558841
39,https://s-light.tiket.photos/t/01E25EBZS3W0FY9GTG6C42E1SE/t_htl-dskt/tix-hotel/images-web/2020/11/01/accd366c-82be-43a5-8fdc-2c5aabd3f2f8-1604170217983-e4a8d850419aa5e0882306e4194d39ce.jpg,Pohon Inn,"Batu, Malang","Oro-Oro Ombo Street no 9 Batu City, East Java",4.3,555000,750000,"['InDOnesia CARE', 'tiket CLEAN', 'WiFi', 'Parkir', 'Restoran', 'Resepsionis 24 Jam', 'Lift', 'AC', 'InDOnesia CARE', 'tiket CLEAN', 'WiFi', 'Parkir', 'Restoran', 'Resepsionis 24 Jam', 'Lift', 'AC', 'Antar Jemput Bandara', 'Fasilitas Rapat', 'Bukti Vaksin Covid-19', 'Ruang Merokok', 'AC', 'Lounge', 'Fasilitas rapat', 'Lift', 'Restoran', 'Ruang merokok khusus', 'Parkir (Gratis)', 'Hewan Peliharaan Tidak Diperbolehkan', 'Penitipan Bagasi', 'Tur', 'Resepsionis 24 Jam', 'Layanan Laundry/Dry Cleaning']",-7.888745,112.529357
40,https://s-light.tiket.photos/t/01E25EBZS3W0FY9GTG6C42E1SE/t_htl-dskt/tix-hotel/images-web/2020/10/31/d9bc3716-2661-40bb-a6c6-ea0a6088841e-1604126850114-edd6f491f7abb377247d095b4e987070.jpg,Grand Kadaka Syariah,"Lowokwaru, Malang","Jl. Kadaka No.5, Jatimulyo, Kec. Lowokwaru, Kota Malang, Jawa Timur 65141, Indonesia",4.3,110000,250000,"['tiket CLEAN', 'WiFi', 'Parkir', 'Penyimpanan Barang', 'tiket CLEAN', 'WiFi', 'Parkir', 'Penyimpanan Barang', 'WiFi Publik', 'Ruang Tamu', 'Parkir (Gratis)', 'Hewan Peliharaan Tidak Diperbolehkan', 'Brankas Hotel', 'Penitipan Bagasi']",-7.945536,112.619747
41,https://s-light.tiket.photos/t/01E25EBZS3W0FY9GTG6C42E1SE/t_htl-dskt/tix-hotel/images-web/2021/03/12/6f37a742-49a0-4559-aa09-246f15a45ca9-1615563298183-2d53b2c3b9b930a7444a8eb16d582a5f.jpg,Grand Dream Cita Mandiri Syariah,"Batu, Malang","JL. TRUNOJOYO NO.7C RT.02/RW.09, KECAMATAN JUNREJO, DESA JUNREJO - KOTA BATU",4.4,350000,400000,"['tiket CLEAN', 'WiFi', 'Parkir', 'Restoran', 'Resepsionis 24 Jam', 'AC', 'Fasilitas Rapat', 'Penyimpanan Barang', 'tiket CLEAN', 'WiFi', 'Parkir', 'Restoran', 'Resepsionis 24 Jam', 'AC', 'Fasilitas Rapat', 'Penyimpanan Barang', 'Bersepeda/Bersepeda Gunung', 'Teras', 'AC', 'Fasilitas rapat', 'WiFi Publik', 'Restoran', 'Parkir (Gratis)', 'Hewan Peliharaan Tidak Diperbolehkan']",-7.901452,112.558573
42,https://s-light.tiket.photos/t/01E25EBZS3W0FY9GTG6C42E1SE/t_htl-dskt/tix-hotel/images-web/2021/03/12/5100d631-c570-4498-8bf3-c7110f988039-1615563653877-e97c12126e6b244b11116883c5a12f76.jpg,Gangnam Hotel near Mall Olympic Garden Malang,"Klojen, Malang","Jl. Galunggung No.06, Gading Kasri, Kec. Klojen, Kota Malang, Jawa Timur 65146, Indonesia",4.3,141043,269588,"['WiFi', 'Parkir', 'Resepsionis 24 Jam', 'AC', 'Penyimpanan Barang', 'WiFi', 'Parkir', 'Resepsionis 24 Jam', 'AC', 'Penyimpanan Barang', 'Teras', 'AC', 'WiFi Publik', 'Parkir (Gratis)', 'Hewan Peliharaan Tidak Diperbolehkan', 'Penitipan Bagasi', 'Rak Koran', 'Resepsionis 24 Jam']",-7.972141,112.613487
43,https://s-light.tiket.photos/t/01E25EBZS3W0FY9GTG6C42E1SE/t_htl-dskt/tix-hotel/images-web/2021/09/01/7d134ec0-e145-4cd5-bdd2-ff8906a6ee2b-1630487120252-da5d119f7fd93824f714c8d9db15be36.jpg,Hotel Syariah 99,"Klojen, Malang","Jl. Mayjend Panjaitan No.191, Penanggungan, Kec. Klojen, Kota Malang, Jawa Timur 65113",4.2,230000,440000,"['tiket CLEAN', 'WiFi', 'Parkir', 'Restoran', 'Resepsionis 24 Jam', 'Lift', 'AC', 'Fasilitas Rapat', 'tiket CLEAN', 'WiFi', 'Parkir', 'Restoran', 'Resepsionis 24 Jam', 'Lift', 'AC', 'Fasilitas Rapat', 'AC', 'Lift', 'Restoran', 'Parkir (Gratis)', 'Hewan Peliharaan Tidak Diperbolehkan', 'Resepsionis 24 Jam', 'Kotak P3K']",-7.95303,112.619064
44,https://s-light.tiket.photos/t/01E25EBZS3W0FY9GTG6C42E1SE/t_htl-dskt/tix-hotel/images-web/2021/02/12/1cc5240d-c58d-43dd-a170-94821905ffd2-1613107819633-19b400cc0aaf984c40e65c35a3913022.jpg,Front One Budget Malang By Azana,"Lowokwaru, Malang","Jalan Puncak Borobudur Center Point B22 Mojolangu, Lowok Waru, Malang 65142",4.2,198000,400001,"['tiket CLEAN', 'WiFi', 'Parkir', 'Resepsionis 24 Jam', 'Spa', 'Lift', 'AC', 'Hasil PCR Diperlukan', 'tiket CLEAN', 'WiFi', 'Parkir', 'Resepsionis 24 Jam', 'Spa', 'Lift', 'AC', 'Hasil PCR Diperlukan', 'Fasilitas Ramah Difabel', 'AC', 'WiFi Publik', 'Lift', 'Ruang Tamu', 'Parkir (Gratis)', 'Hewan Peliharaan Tidak Diperbolehkan', 'Check-in Tanpa Antre', 'Resepsionis 24 Jam', 'Check-out Tanpa Antre', 'Kotak P3K']",-7.936591,112.625734
45,https://s-light.tiket.photos/t/01E25EBZS3W0FY9GTG6C42E1SE/t_htl-dskt/tix-hotel/images-web/2022/06/14/e7d738ec-402b-43e6-9057-e9a0aa4ae257-1655187331176-37891a7ee2190f78064ac8c02c1a6bb3.jpg,Sans Hotel Queen Batu,"Batu, Malang","Jalan Gandarsari RT 05/RW03 Gondang, Tulungrejo, Kec. Bumiaji, Kota Batu, Jawa Timur 65336, Indonesia",4.1,166131,382883,"['tiket CLEAN', 'WiFi', 'Parkir', 'Resepsionis 24 Jam', 'AC', 'tiket CLEAN', 'WiFi', 'Parkir', 'Resepsionis 24 Jam', 'AC', 'AC', 'WiFi Publik', 'Parkir (Gratis)', 'Hewan Peliharaan Tidak Diperbolehkan', 'Resepsionis 24 Jam']",-7.819127,112.527396
46,https://s-light.tiket.photos/t/01E25EBZS3W0FY9GTG6C42E1SE/t_htl-dskt/tix-hotel/images-web/2020/10/31/077e4a95-044c-4fde-b153-0e5dc70abe22-1604134476914-f70a5a7534232d6bf390966598233a17.jpg,SO Boutique Hostel,"Klojen, Malang","Jl. Majapahit No.1G, Kiduldalem, Kec. Klojen, Kota Malang, Jawa Timur 65119, Indonesia",4.2,70000,700000,"['InDOnesia CARE', 'tiket CLEAN', 'WiFi', 'Parkir', 'Restoran', 'Resepsionis 24 Jam', 'AC', 'Antar Jemput Bandara', 'InDOnesia CARE', 'tiket CLEAN', 'WiFi', 'Parkir', 'Restoran', 'Resepsionis 24 Jam', 'AC', 'Antar Jemput Bandara', 'Fasilitas Rapat', 'Penyimpanan Barang', 'Arena Game Center', 'Ruang game', 'Teras', 'Ruang Merokok', 'AC', 'WiFi Publik', 'Restoran', 'Ruang Tamu', 'Gazebo', 'Perpustakaan', 'Ruang merokok khusus', 'Parkir (Gratis)', 'Hewan Peliharaan Tidak Diperbolehkan']",-7.978719,112.633466
47,https://s-light.tiket.photos/t/01E25EBZS3W0FY9GTG6C42E1SE/t_htl-dskt/tix-hotel/images-web/2021/11/10/e788e6b4-9932-4024-8489-0db470960c22-1636487131564-b1392734fe5010012929ba16fbd9ce3a.jpg,OYO 3298 Bromo Guest House Family,"Kepanjen, Malang","Jl. Bromo, Kepanjen, Kec. Kepanjen, Malang, Jawa Timur 65163",4.0,105623,172634,"['tiket CLEAN', 'WiFi', 'Parkir', 'Fasilitas Ramah Difabel', 'tiket CLEAN', 'WiFi', 'Parkir', 'Fasilitas Ramah Difabel', 'Teras', 'Ruang Merokok', 'Tempat berjemur', 'Ruang merokok khusus', 'WiFi Publik', 'Ruang Tamu', 'Parkir (Gratis)', 'Hewan Peliharaan Tidak Diperbolehkan', 'Staf Multibahasa']",-8.124852,112.565688
48,https://s-light.tiket.photos/t/01E25EBZS3W0FY9GTG6C42E1SE/t_htl-dskt/tix-hotel/images-web/2021/11/05/9fa19bfa-5b58-40f0-806c-8189c0435512-1636118426100-1946cc46ba5cc674f0b52f9e6a3bf8cb.jpg,LG Homestay,"Kepanjen, Malang", Jalan Adimulyo 126,Belum ada rating,174999,275001,"['WiFi', 'Parkir', 'Resepsionis 24 Jam', 'Fasilitas Anak', 'Penyimpanan Barang', 'WiFi', 'Parkir', 'Resepsionis 24 Jam', 'Fasilitas Anak', 'Penyimpanan Barang', 'Memancing', 'Ruang merokok khusus', 'WiFi Publik', 'Pengiriman Grosir', 'Kuil', 'Layanan Laundry/Dry Cleaning', 'Check-out Tanpa Antre', 'Penitipan Bagasi', 'Check-in Tanpa Antre', 'Layanan Concierge', 'Layanan bangun tidur', 'Resepsionis 24 Jam']",-8.126729965209961,112.57434844970703
49,https://s-light.tiket.photos/t/01E25EBZS3W0FY9GTG6C42E1SE/t_htl-dskt/tix-hotel/images-web/2022/04/18/f7cba39a-0e37-4ffa-9d1e-ac95d6f62876-1650290120643-1c792337a113234a5df2c0f25b743627.jpg,Ancala Inn,"Bromo, Probolinggo","Jl. Desa Tosari No. 73 Tosari, Pasuruan. 67177",4.3,450000,990000,"['tiket CLEAN', 'Parkir', 'tiket CLEAN', 'Parkir', 'Parkir (Gratis)', 'tiket CLEAN', 'Televisi']",-7.887052,112.902174
50,https://s-light.tiket.photos/t/01E25EBZS3W0FY9GTG6C42E1SE/t_htl-dskt/tix-hotel/images-web/2020/10/28/b25f8a0e-eb0f-48f2-a3a7-90ed90939975-1603879946341-73d13370cecd28a17c70f192adde7b35.jpg,Cemara Indah Hotel,"Bromo, Probolinggo","Penanjakan Street, Cemara Lawang Village, Ngadisari",3.6,498323,1249901,"['tiket CLEAN', 'WiFi', 'Parkir', 'Restoran', 'Fasilitas Rapat', 'tiket CLEAN', 'WiFi', 'Parkir', 'Restoran', 'Fasilitas Rapat', 'Berkuda', 'Teras', 'Fasilitas rapat', 'WiFi Publik', 'Restoran', 'Parkir (Gratis)', 'Gazebo', 'Hewan Peliharaan Tidak Diperbolehkan']",-7.921536,112.963614
51,https://s-light.tiket.photos/t/01E25EBZS3W0FY9GTG6C42E1SE/t_htl-dskt/tix-hotel/images-web/2020/11/01/8e78215d-30e8-45ec-aba6-797d9e4079c1-1604181541475-dd4984abfcb672fe1fe3a1e373881318.jpg,Gubuk Ndeso Homestay,"Bromo, Probolinggo","Jl. Raya Bromo No.92, Dusun 1, Sapikerep, Sukapura, Probolinggo, Jawa Timur 67254",4.4,340000,340000,"['tiket CLEAN', 'WiFi', 'Parkir', 'Restoran', 'Antar Jemput Bandara', 'Fasilitas Rapat', 'Perlengkapan BBQ', 'tiket CLEAN', 'WiFi', 'Parkir', 'Restoran', 'Antar Jemput Bandara', 'Fasilitas Rapat', 'Perlengkapan BBQ', 'Karaoke', 'Bersepeda/Bersepeda Gunung', 'Teras', 'Lounge', 'Tempat berjemur', 'WiFi Publik', 'Restoran', 'Ruang Tamu', 'Parkir (Gratis)', 'Hewan Peliharaan Tidak Diperbolehkan']",-7.904254,113.041423
52,https://s-light.tiket.photos/t/01E25EBZS3W0FY9GTG6C42E1SE/t_htl-dskt/tix-hotel/images-web/2020/10/29/137bbe88-b068-47bc-a308-54852e953950-1603913980642-b86282558c22eab2fd112f91e286595d.jpg,Grand Whiz Hotel Bromo,"Bromo, Probolinggo","Sukapura, Probolinggo, East Java 67254, Indonesia",3.6,250000,2187500,"['tiket CLEAN', 'Kolam Renang', 'WiFi', 'Parkir', 'Restoran', 'Resepsionis 24 Jam', 'Fasilitas Rapat', 'tiket CLEAN', 'Kolam Renang', 'WiFi', 'Parkir', 'Restoran', 'Resepsionis 24 Jam', 'Fasilitas Rapat', 'Tenis meja', 'Tenis Meja', 'Kolam Renang Anak', 'Teras', 'WiFi Publik', 'Kolam Renang', 'Restoran', 'Ruang Tamu', 'Parkir (Gratis)', 'Hewan Peliharaan Tidak Diperbolehkan']",-7.87415,113.045876
53,https://s-light.tiket.photos/t/01E25EBZS3W0FY9GTG6C42E1SE/t_htl-dskt/tix-hotel/images-web/2021/03/12/9d6091c1-8ce5-4a34-b50f-6196000fb503-1615543527734-b23187260f46141c882770cf74f4f136.jpg,OYO 1087 Homestay Potato House,"Bromo, Probolinggo","Jl. Raya Bromo, Krajan I, Ngadas, Sukapura, Probolinggo, Jawa Timur 67254, Indonesia, Probolinggo",4.0,85170,131358,"['tiket CLEAN', 'WiFi', 'Parkir', 'AC', 'tiket CLEAN', 'WiFi', 'Parkir', 'AC', 'Teras', 'Ruang Merokok', 'AC', 'Ruang merokok khusus', 'WiFi Publik', 'Ruang Tamu', 'Parkir (Gratis)', 'Hewan Peliharaan Tidak Diperbolehkan', 'Staf Multibahasa']",-7.920258,112.995372
54,https://s-light.tiket.photos/t/01E25EBZS3W0FY9GTG6C42E1SE/t_htl-dskt/tix-hotel/images-web/2020/10/09/01bc6bb9-567a-4201-8af7-045638357e54-1602202528975-7f86593e82183b4124c57255c5ca2edd.jpg,Istana Petani Homestay Bromo,"Bromo, Probolinggo",Jl. Raya Bromo Km.31 Ds. Sikerep Kec Sukapur Bromo Probolinggo,4.2,332798,426000,"['tiket CLEAN', 'WiFi', 'Parkir', 'Restoran', 'Resepsionis 24 Jam', 'Antar Jemput Bandara', 'tiket CLEAN', 'WiFi', 'Parkir', 'Restoran', 'Resepsionis 24 Jam', 'Antar Jemput Bandara', 'Karaoke', 'Gitar', 'Teras', 'Ruang Merokok', 'Ruang merokok khusus', 'WiFi Publik', 'Restoran', 'Ruang Tamu', 'Parkir (Gratis)', 'Gazebo', 'Hewan Peliharaan Tidak Diperbolehkan']",-7.905652,113.040417
55,https://s-light.tiket.photos/t/01E25EBZS3W0FY9GTG6C42E1SE/t_htl-dskt/tix-hotel/images-web/2022/02/24/75a133c5-f187-443f-affd-8ad74ac9999b-1645683326049-2dd4667aa2cc26ff0351e58a093a86a5.jpg,Defada Village Bromo at Desa Wisata Bromo,"Bromo, Probolinggo","Jl. Kesehatan No.2, RT.04 RW02, Watulumpang, Sukapura, Kabupaten Probolinggo, Jawa Timur 67254, Indonesia",4.1,191193,382110,"['tiket CLEAN', 'WiFi', 'Parkir', 'Restoran', 'Resepsionis 24 Jam', 'AC', 'tiket CLEAN', 'WiFi', 'Parkir', 'Restoran', 'Resepsionis 24 Jam', 'AC', 'AC', 'WiFi Publik', 'Restoran', 'Ruang Tamu', 'Parkir (Gratis)', 'Hewan Peliharaan Tidak Diperbolehkan', 'Resepsionis 24 Jam']",-7.885328,113.049557
56,https://s-light.tiket.photos/t/01E25EBZS3W0FY9GTG6C42E1SE/t_htl-dskt/tix-hotel/images-web/2022/01/07/4d432a29-7c16-4929-9a81-6ff7f247d5e2-1641551449708-4f29931d18bfdd144cb2e3a77a6f10c6.jpg,Bromo Indah Lestari Homestay RedPartner,"Bromo, Probolinggo","Jl. Bromo No.9, Wonokitri, Tosari, Pasuruan, Jawa Timur 67177, Indonesia",5.0,218028,288200,"['tiket CLEAN', 'WiFi', 'Parkir', 'Resepsionis 24 Jam', 'AC', 'tiket CLEAN', 'WiFi', 'Parkir', 'Resepsionis 24 Jam', 'AC', 'Ruang Merokok', 'AC', 'Ruang merokok khusus', 'WiFi Publik', 'Parkir (Gratis)', 'Hewan Peliharaan Tidak Diperbolehkan', 'Resepsionis 24 Jam']",-7.893361,112.91164
57,https://s-light.tiket.photos/t/01E25EBZS3W0FY9GTG6C42E1SE/t_htl-dskt/tix-hotel/images-web/2020/10/28/0d97a4c3-d030-4ce5-af60-38b10685d2e5-1603895989378-edbd227afc4825897cc246d51133fa0e.jpg,Savana Guesthouse,"Bromo, Probolinggo","Jl. Raya Bromo, Rombok, Wonokerto, Sukapura, Probolinggo, Jawa Timur 67254, Indonesia",Belum ada rating,280356,350001,"['WiFi', 'Parkir', 'Resepsionis 24 Jam', 'Antar Jemput Bandara', 'WiFi', 'Parkir', 'Resepsionis 24 Jam', 'Antar Jemput Bandara', 'Teras', 'WiFi Publik', 'Ruang Tamu', 'Parkir (Gratis)', 'Hewan Peliharaan Tidak Diperbolehkan', 'Tur', 'Resepsionis 24 Jam']",-7.927001,113.0139
58,https://s-light.tiket.photos/t/01E25EBZS3W0FY9GTG6C42E1SE/t_htl-dskt/tix-hotel/images-web/2021/11/28/3392bac5-fc3c-4481-83d3-8b87aeb7899b-1638109257133-5f9c54df1d314929741e34d5d5c2ff34.jpg,TENGGER HOMESTAY Bromo,"Bromo, Probolinggo","TENGGER HOMESTAY Bromo Jl. Bromo, Wonokitri, Tosari, Pasuruan, Jawa Timur",4.0,242073,249559,"['tiket CLEAN', 'WiFi', 'Parkir', 'tiket CLEAN', 'WiFi', 'Parkir', 'Parkir (Gratis)', 'tiket CLEAN', 'Shower']",-7.891235,112.911165
59,https://s-light.tiket.photos/t/01E25EBZS3W0FY9GTG6C42E1SE/t_htl-dskt/tix-hotel/images-web/2021/09/28/708c7cae-090d-4b5e-9bbe-77ee7369691d-1632777661609-fa172df512b2308381fc28aec39cf1a9.jpg,Hotel Nur Cahaya Syariah,"Bromo, Probolinggo",Jalan Raya Bromo Km 31,Belum ada rating,250000,500001,"['WiFi', 'Parkir', 'Resepsionis 24 Jam', 'WiFi', 'Parkir', 'Resepsionis 24 Jam', 'WiFi Publik', 'Resepsionis 24 Jam', 'TV kabel', 'Shower', 'Teras atau Balkon']",-7.905600070953369,113.04004669189453
60,https://s-light.tiket.photos/t/01E25EBZS3W0FY9GTG6C42E1SE/t_htl-dskt/tix-hotel/images-web/2021/12/14/039c1ace-bb0c-4986-827d-416422956554-1639496117472-6efd5bac6eff8c48c33e41d78434a8ff.jpg,Ben Hill RedPartner,"Bromo, Probolinggo","Jl. Ps. Sayur, Watulumpang, Sukapura, Probolinggo, Jawa Timur 67254",Belum ada rating,114055,296946,"['tiket CLEAN', 'WiFi', 'Parkir', 'Resepsionis 24 Jam', 'AC', 'tiket CLEAN', 'WiFi', 'Parkir', 'Resepsionis 24 Jam', 'AC', 'Ruang Merokok', 'AC', 'Ruang merokok khusus', 'WiFi Publik', 'Parkir (Gratis)', 'Hewan Peliharaan Tidak Diperbolehkan', 'Resepsionis 24 Jam']",-7.885218,113.048967
61,https://s-light.tiket.photos/t/01E25EBZS3W0FY9GTG6C42E1SE/t_htl-dskt/tix-hotel/images-web/2021/10/06/62ac8fcc-e1e5-495e-b18b-3136c6a238a1-1633514715558-4e0ed3c1460ad40beccbe5db79cfa880.jpg,Yeski Homestay at Desa Wisata Bromo,Probolinggo,"Jalan Podokoyo 1 no 1, Senogiri, Podokoyo, Tosari, Pasuruan, East Java 67177",Belum ada rating,150355,514800,"['tiket CLEAN', 'WiFi', 'Resepsionis 24 Jam', 'AC', 'tiket CLEAN', 'WiFi', 'Resepsionis 24 Jam', 'AC', 'Ruang Merokok', 'AC', 'Ruang merokok khusus', 'WiFi Publik', 'Hewan Peliharaan Tidak Diperbolehkan', 'Resepsionis 24 Jam']",-7.922659,112.908859
62,https://s-light.tiket.photos/t/01E25EBZS3W0FY9GTG6C42E1SE/t_htl-dskt/tix-hotel/images-web/2022/01/31/09a14a57-2e52-4e83-a50a-02fb955b1d1a-1643601322899-df71f7670fe23fae4b9df421998e08eb.jpg,Sri Dewi Homestay RedPartner,"Bromo, Probolinggo","Jl. Bromo Tosari No.69, Tlogosari, Tosari, Pasuruan, Jawa Timur",5.0,118942,262260,"['tiket CLEAN', 'WiFi', 'Parkir', 'Resepsionis 24 Jam', 'AC', 'tiket CLEAN', 'WiFi', 'Parkir', 'Resepsionis 24 Jam', 'AC', 'AC', 'WiFi Publik', 'Parkir (Gratis)', 'Hewan Peliharaan Tidak Diperbolehkan', 'Resepsionis 24 Jam']",-7.87845,112.900116
63,https://s-light.tiket.photos/t/01E25EBZS3W0FY9GTG6C42E1SE/t_htl-dskt/tix-hotel/images-web/2021/11/26/a62c0608-e8fd-4972-aabb-c383a50678c0-1637941829316-db3b25e6b48cbe03cc7cc2323b2cc4a9.jpg,Good Karma Guesthouse,"Bromo, Probolinggo","Jl Cemara Lawang, Ngadisari, Bromo, 67254 Bromo, Indonesia",4.1,206485,261000,"['WiFi', 'Parkir', 'Penyimpanan Barang', 'WiFi', 'Parkir', 'Penyimpanan Barang', 'Mendaki', 'Berkuda', 'WiFi Publik', 'Check-out Tanpa Antre', 'Penitipan Bagasi', 'Tur', 'Check-in Tanpa Antre', 'Resepsionis 24 Jam', 'Kotak P3K']",-7.92135,112.96576
64,https://s-light.tiket.photos/t/01E25EBZS3W0FY9GTG6C42E1SE/t_htl-dskt/tix-hotel/images-web/2021/03/12/0cd9ab07-5708-4d01-ab52-2def980d4225-1615560209249-e08a4b35587c2c245f10a60d58ebf73a.jpg,SPOT ON 2327 Dome Hotel,"Bromo, Probolinggo","Jl. Mawar No.37, Sukapura, Sukapura, Probolinggo",Belum ada rating,173562,173562,"['tiket CLEAN', 'WiFi', 'Parkir', 'Resepsionis 24 Jam', 'AC', 'Penyimpanan Barang', 'tiket CLEAN', 'WiFi', 'Parkir', 'Resepsionis 24 Jam', 'AC', 'Penyimpanan Barang', 'Teras', 'Ruang Merokok', 'AC', 'Lounge', 'Ruang merokok khusus', 'WiFi Publik', 'Parkir (Gratis)', 'Hewan Peliharaan Tidak Diperbolehkan', 'Penitipan Bagasi', 'Staf Multibahasa', 'Resepsionis 24 Jam']",-7.888488,113.047716
65,https://s-light.tiket.photos/t/01E25EBZS3W0FY9GTG6C42E1SE/t_htl-dskt/tix-hotel/images-web/2022/02/12/65602055-af3f-4e4f-8d35-92043ca52441-1644675326606-29650da0949b7046fc4a931cf502d903.jpg,Villa Wijayanti Bromo,"Bromo, Probolinggo","jl.raya bromo, ponjol,wonokerto,sukapura,probolinggo,jawa timur",4.6,700000,700000,"['tiket CLEAN', 'Parkir', 'Ruang Tamu', 'Fasilitas Ramah Difabel', 'tiket CLEAN', 'Parkir', 'Ruang Tamu', 'Fasilitas Ramah Difabel', 'Teras', 'Ruang Tamu', 'Parkir (Gratis)', 'Hewan Peliharaan Tidak Diperbolehkan', 'Tur', 'Staf Multibahasa', 'Penukaran Mata Uang']",-7.922093,112.998201
66,https://s-light.tiket.photos/t/01E25EBZS3W0FY9GTG6C42E1SE/t_htl-dskt/tix-hotel/images-web/2021/10/21/992af36d-43f4-4aa1-b27b-43e3f0d0c21c-1634783480317-4f55c5c56a776747deec9dc034855b50.jpg,Villa Tengger Asri 6 Gunung Bromo,"Bromo, Probolinggo",Jalan Raya Bromo,Belum ada rating,1075768,1075768,"['WiFi', 'Parkir', 'WiFi', 'Parkir', 'Mendaki', 'Berkuda', 'Taman', 'Ruang merokok khusus', 'Tur', 'Resepsionis 24 Jam', 'Kotak P3K']",-7.916136983461709,112.9833303815501
67,https://s-light.tiket.photos/t/01E25EBZS3W0FY9GTG6C42E1SE/t_htl-dskt/tix-hotel/images-web/2020/10/31/7ea8e422-e701-4b1a-89bc-6099b9e13ccc-1604136717105-e0eb2eaa07cd85ccf696321031dad0e8.jpg,Homestay Firdaus Bromo,"Bromo, Probolinggo","Jl. Ringgit, Desa Wonokerto, Kec. Sukapura, Bromo",Belum ada rating,700000,700000,"['tiket CLEAN', 'WiFi', 'Parkir', 'AC', 'Ruang Tamu', 'tiket CLEAN', 'WiFi', 'Parkir', 'AC', 'Ruang Tamu', 'Teras', 'AC', 'WiFi Publik', 'Ruang Tamu', 'Parkir (Gratis)', 'Hewan Peliharaan Tidak Diperbolehkan', 'tiket CLEAN']",-7.921711,112.997759
68,https://s-light.tiket.photos/t/01E25EBZS3W0FY9GTG6C42E1SE/t_htl-dskt/tix-hotel/images-web/2021/11/02/2e1d43b3-c0d2-4d7b-a959-2b8869c9d48d-1635863468458-0236f0302db168632076b3f8561e6214.jpg,Anugrah Bromo Homestay at Desa Wisata Bromo,"Bromo, Probolinggo",'Dusun Kertoanom' 'dusun kertoanom RT 02 RW 05 desa tosari. kecamatan tosari kabupaten pasuruan.',5.0,141361,141361,"['WiFi', 'AC', 'WiFi', 'AC', 'AC', 'Ruang merokok khusus', 'Resepsionis 24 Jam', 'Area Merokok']",-7.879000186920166,112.89544677734375
69,https://s-light.tiket.photos/t/01E25EBZS3W0FY9GTG6C42E1SE/t_htl-dskt/tix-hotel/images-web/2021/11/03/a4f3fa3c-3f46-4995-874c-e6083ac0426f-1635923129109-3c1f97ad4e14d1750d51cf727b904177.jpg,Gebby Homestay Bromo RedPartner,"Bromo, Probolinggo","Gebby Homestay Bromo, RT.01/RW.02, Tlogosari, Ledoksodo, Pasuruan, East Java, Indonesia",Belum ada rating,115491,255210,"['tiket CLEAN', 'WiFi', 'Parkir', 'Resepsionis 24 Jam', 'AC', 'tiket CLEAN', 'WiFi', 'Parkir', 'Resepsionis 24 Jam', 'AC', 'Ruang Merokok', 'AC', 'Ruang merokok khusus', 'WiFi Publik', 'Parkir (Gratis)', 'Hewan Peliharaan Tidak Diperbolehkan', 'Resepsionis 24 Jam']",-7.884649,112.900188
70,https://s-light.tiket.photos/t/01E25EBZS3W0FY9GTG6C42E1SE/t_htl-dskt/tix-hotel/images-web/2021/11/01/c6b74000-2b37-434b-9bb3-f7568c0e1328-1635733864064-ee8f339ccccd24b7ef026ec381cc1142.jpg,Homestay Family Gunung Bromo,"Bromo, Probolinggo",Jalan Ringgit,Belum ada rating,860399,860399,"['WiFi', 'Parkir', 'WiFi', 'Parkir', 'Mendaki', 'Berkuda', 'Ruang merokok khusus', 'Tur', 'Check-in Tanpa Antre', 'Layanan penyewaan sepeda', 'Resepsionis 24 Jam', 'Check-out Tanpa Antre', 'Penjaga pintu']",-7.922258462022615,112.99908049826377
71,https://s-light.tiket.photos/t/01E25EBZS3W0FY9GTG6C42E1SE/t_htl-dskt/tix-hotel/images-web/2021/10/04/540da675-4bf9-416e-8c75-7b37eff3025a-1633318517228-73efff47d4969831237d6b2ebecca65b.jpg,ROOM Hostel Banyuwangi,"Banyuwangi, Banyuwangi",Jl. Simpang Cevilla II Kebalenan Kec. Banyuwangi Kab. Banyuwangi Jawa Timur,4.5,110000,199000,"['tiket CLEAN', 'WiFi', 'Parkir', 'Restoran', 'Resepsionis 24 Jam', 'AC', 'Antar Jemput Bandara', 'Penyimpanan Barang', 'tiket CLEAN', 'WiFi', 'Parkir', 'Restoran', 'Resepsionis 24 Jam', 'AC', 'Antar Jemput Bandara', 'Penyimpanan Barang', 'Teras', 'AC', 'WiFi Publik', 'Ruang Tamu', 'Parkir (Gratis)', 'Hewan Peliharaan Tidak Diperbolehkan', 'Penitipan Bagasi', 'Tur', 'Resepsionis 24 Jam']",-8.234382,114.350873
72,https://s-light.tiket.photos/t/01E25EBZS3W0FY9GTG6C42E1SE/t_htl-dskt/tix-hotel/images-web/2021/03/12/edd3f709-70c4-48b5-902a-8a908c6ed979-1615547135827-185f959215511e1b7fbf413ca05eb01e.jpg,OYO 1579 Kate'el Inn,"Banyuwangi, Banyuwangi","Jl. Letjen S Parman No.26, Sobo, Kec. Banyuwangi, Kabupaten Banyuwangi, Jawa Timur 68418, Indonesia, Banyuwangi",4.1,230903,535600,"['tiket CLEAN', 'WiFi', 'Parkir', 'Resepsionis 24 Jam', 'AC', 'Penyimpanan Barang', 'tiket CLEAN', 'WiFi', 'Parkir', 'Resepsionis 24 Jam', 'AC', 'Penyimpanan Barang', 'Teras', 'Ruang Merokok', 'AC', 'Ruang merokok khusus', 'WiFi Publik', 'Ruang Tamu', 'Parkir (Gratis)', 'Hewan Peliharaan Tidak Diperbolehkan', 'Penitipan Bagasi', 'Staf Multibahasa', 'Resepsionis 24 Jam']",-8.237258,114.357244
73,https://s-light.tiket.photos/t/01E25EBZS3W0FY9GTG6C42E1SE/t_htl-dskt/tix-hotel/images-web/2021/03/12/e8f419de-cba0-43c1-8b5c-d4fe70fec09c-1615550160783-05067e6023e43381e935b2c17e3fb90c.jpg,RedDoorz Syariah near UNTAG Banyuwangi 2,"Banyuwangi, Banyuwangi","Jl. Letnan Sulaiman Gg. Ipeda 2 , Rt. 003 Rw. 002 Kelurahan Sobo - Banyuwangi",3.9,155000,164970,"['WiFi', 'Parkir', 'AC', 'WiFi', 'Parkir', 'AC', 'Ruang Merokok', 'AC', 'Ruang merokok khusus', 'Parkir (Gratis)', 'Hewan Peliharaan Tidak Diperbolehkan', 'Shower']",-8.231402,114.360947
74,https://s-light.tiket.photos/t/01E25EBZS3W0FY9GTG6C42E1SE/t_htl-dskt/tix-hotel/images-web/2020/10/31/6f70a59a-1218-4e89-a1f7-37b91fe665c1-1604138458944-3fb455d4d1a19dc890c6b9ff1a2c1440.jpg,RedDoorz Syariah near Mall Roxy Banyuwangi 2,"Banyuwangi, Banyuwangi","Jl. Ikan Sadar No.3, Karangrejo, Kec. Banyuwangi, Kabupaten Banyuwangi, Jawa Timur 68411, Indonesia",4.0,162750,335580,"['WiFi', 'Parkir', 'AC', 'Penyimpanan Barang', 'WiFi', 'Parkir', 'AC', 'Penyimpanan Barang', 'Teras', 'Ruang Merokok', 'AC', 'Ruang merokok khusus', 'WiFi Publik', 'Ruang Tamu', 'Parkir (Gratis)', 'Hewan Peliharaan Tidak Diperbolehkan', 'Check-out Tanpa Antre', 'Penitipan Bagasi']",-8.219624,114.374929
75,https://s-light.tiket.photos/t/01E25EBZS3W0FY9GTG6C42E1SE/t_htl-dskt/tix-hotel/images-web/2021/02/01/08700c0d-6274-4759-a335-2fde6d2047c1-1612169708793-f8c5775018ac102ae7ce75938d336f82.jpg,Samar Wulu Guest House Syariah,"Kalipuro, Banyuwangi","Jl. Gatot Subroto No.5, Lkr. Kp. Baru, Bulusan, Kec. Kalipuro, Kabupaten Banyuwangi, Jawa Timur 68455, Indonesia",4.0,189000,413400,"['tiket CLEAN', 'WiFi', 'Parkir', 'Resepsionis 24 Jam', 'AC', 'tiket CLEAN', 'WiFi', 'Parkir', 'Resepsionis 24 Jam', 'AC', 'AC', 'WiFi Publik', 'Parkir (Gratis)', 'Hewan Peliharaan Tidak Diperbolehkan', 'Resepsionis 24 Jam']",-8.146688,114.399614
76,https://s-light.tiket.photos/t/01E25EBZS3W0FY9GTG6C42E1SE/t_htl-dskt/tix-hotel/images-web/2020/10/31/c54949e9-cf4b-4e4a-be9d-f4fed80f2fd0-1604153667691-92b91938e59bda05074927478572dd1e.jpg,SPOT ON 2022 Darman Family Residence,"Giri, Banyuwangi","Perumahan Garuda Jalan Mawar Blok A 10, Krajan Satu, Boyolangu, Kec. Giri, Kabupaten Banyuwangi, Jawa Timur, Banyuwangi",3.9,59030,76800,"['tiket CLEAN', 'WiFi', 'Parkir', 'AC', 'Penyimpanan Barang', 'tiket CLEAN', 'WiFi', 'Parkir', 'AC', 'Penyimpanan Barang', 'AC', 'WiFi Publik', 'Parkir (Gratis)', 'Hewan Peliharaan Tidak Diperbolehkan', 'Penitipan Bagasi', 'Staf Multibahasa']",-8.206221,114.350936
77,https://s-light.tiket.photos/t/01E25EBZS3W0FY9GTG6C42E1SE/t_htl-dskt/tix-hotel/images-web/2020/10/31/c66e148d-4c88-4227-a22b-f3445d8742eb-1604151096553-c6581fb858c4e13ef452043d477a3a4a.jpg,Berlian Abadi Hotel,"Kalipuro, Banyuwangi","Jalan  Yos Sudarso No.165, Klatak, Kalipuro, Kabupaten Banyuwangi, Jawa Timur 68421",3.4,139731,363000,"['tiket CLEAN', 'WiFi', 'Parkir', 'Restoran', 'Resepsionis 24 Jam', 'AC', 'Penyimpanan Barang', 'tiket CLEAN', 'WiFi', 'Parkir', 'Restoran', 'Resepsionis 24 Jam', 'AC', 'Penyimpanan Barang', 'AC', 'WiFi Publik', 'Restoran', 'Parkir (Gratis)', 'Hewan Peliharaan Tidak Diperbolehkan', 'Layanan Laundry/Dry Cleaning', 'Brankas Hotel', 'Penitipan Bagasi', 'Tur', 'Staf Multibahasa', 'Resepsionis 24 Jam']",-8.174205,114.384193
78,https://s-light.tiket.photos/t/01E25EBZS3W0FY9GTG6C42E1SE/t_htl-dskt/tix-hotel/images-web/2020/10/31/397be008-b8e9-4615-9807-09a70d52e300-1604134907723-497b1723490fc3de6d93cde185ecfac5.jpg,RedDoorz Syariah Plus near Banyuwangi Airport,"Kabat, Banyuwangi","Jajang Surat, Karangbendo, Kec. Rogojampi, Kabupaten Banyuwangi, Jawa Timur 68462",3.7,206196,418000,"['Kolam Renang', 'WiFi', 'Parkir', 'Resepsionis 24 Jam', 'AC', 'Fasilitas Ramah Difabel', 'Kolam Renang', 'WiFi', 'Parkir', 'Resepsionis 24 Jam', 'AC', 'Fasilitas Ramah Difabel', 'Teras', 'Ruang Merokok', 'AC', 'Tempat berjemur', 'Ruang merokok khusus', 'WiFi Publik', 'Kolam Renang', 'Ruang Tamu', 'Parkir (Gratis)', 'Gazebo', 'Hewan Peliharaan Tidak Diperbolehkan', 'Resepsionis 24 Jam']",-8.298764,114.306839
79,https://s-light.tiket.photos/t/01E25EBZS3W0FY9GTG6C42E1SE/t_htl-dskt/tix-hotel/images-web/2020/10/31/3cb3cdc7-9731-4332-88f2-1ebbeca30415-1604152263292-35af2b21364aaaebe37e268d73470dc5.jpg,RedDoorz near Pantai Boom,"Banyuwangi, Banyuwangi","Jl. Sayu Wiwit No.50, Kp. Melayu, Kec. Banyuwangi, Kabupaten Banyuwangi, Jawa Timur 68412, Indonesia",3.4,128864,410550,"['tiket CLEAN', 'WiFi', 'Parkir', 'Restoran', 'AC', 'Penyimpanan Barang', 'tiket CLEAN', 'WiFi', 'Parkir', 'Restoran', 'AC', 'Penyimpanan Barang', 'Ruang Merokok', 'AC', 'Ruang merokok khusus', 'Restoran', 'Parkir (Gratis)', 'Hewan Peliharaan Tidak Diperbolehkan', 'Penitipan Bagasi']",-8.207871,114.376617
80,https://s-light.tiket.photos/t/01E25EBZS3W0FY9GTG6C42E1SE/t_htl-dskt/tix-hotel/images-web/2021/03/12/46248e82-70c3-4cf3-87bd-d77f891f44ac-1615547745798-0e42f7063930a7872ef12d38577f7f51.jpg,RedDoorz near Banyuwangi Kota Train Station,"Glagah, Banyuwangi","Jl. Stasiun Karangasem, Lingkungan Krajan Rt, Bakungan, Kec. Glagah, Kabupaten Banyuwangi, Jawa Timur 68432",4.0,132000,302005,"['WiFi', 'Parkir', 'Resepsionis 24 Jam', 'AC', 'WiFi', 'Parkir', 'Resepsionis 24 Jam', 'AC', 'Teras', 'AC', 'WiFi Publik', 'Hewan Peliharaan Tidak Diperbolehkan', 'Rak Koran', 'Resepsionis 24 Jam']",-8.223859,114.34055
81,https://s-light.tiket.photos/t/01E25EBZS3W0FY9GTG6C42E1SE/t_htl-dskt/tix-hotel/images-web/2021/07/29/39e9f3ba-c7c8-4daf-b6de-b1f6343c3bf9-1627565122089-365e8cce3a15cc02f23e43ae6ea0ddb2.jpg,Art Doorz Homestay Istana Gandrung,"Kabat, Banyuwangi",Jl. Raya Jember No.KM. 7,4.1,160000,350000,"['tiket CLEAN', 'Kolam Renang', 'WiFi', 'Parkir', 'Restoran', 'Resepsionis 24 Jam', 'AC', 'Antar Jemput Bandara', 'tiket CLEAN', 'Kolam Renang', 'WiFi', 'Parkir', 'Restoran', 'Resepsionis 24 Jam', 'AC', 'Antar Jemput Bandara', 'Fasilitas Anak', 'Penyimpanan Barang', 'Piano', 'Hewan Peliharaan Tidak Diperbolehkan', 'Area Bermain Anak']",-8.258543,114.336978
82,https://s-light.tiket.photos/t/01E25EBZS3W0FY9GTG6C42E1SE/t_htl-dskt/tix-hotel/images-web/2021/03/12/9b49b272-42e9-4e70-a5ba-34c3b3cb0f8f-1615563187730-b5693d59bc539b5aba48f5c50ecdb75a.jpg,Majapahit Syariah,"Banyuwangi, Banyuwangi","Jl. Majapahit No.30, Taman Baru, Kec. Banyuwangi, Kabupaten Banyuwangi, Jawa Timur",4.4,155000,170000,"['WiFi', 'Parkir', 'Resepsionis 24 Jam', 'AC', 'Penyimpanan Barang', 'WiFi', 'Parkir', 'Resepsionis 24 Jam', 'AC', 'Penyimpanan Barang', 'Teras', 'AC', 'WiFi Publik', 'Parkir (Gratis)', 'Hewan Peliharaan Tidak Diperbolehkan', 'Penitipan Bagasi', 'Staf Multibahasa', 'Resepsionis 24 Jam']",-8.227448,114.362691
83,https://s-light.tiket.photos/t/01E25EBZS3W0FY9GTG6C42E1SE/t_htl-dskt/tix-hotel/images-web/2022/03/21/11caa2c8-313d-47ea-8596-b7dd3bd999c3-1647861918839-f6f62cc471e6faa3705186d8aadc478b.jpg,Snooze Ijen,"Banyuwangi, Banyuwangi","Jl. Borobudur 27, Banyuwangi",4.4,160000,160000,"['tiket CLEAN', 'WiFi', 'Parkir', 'Penyimpanan Barang', 'tiket CLEAN', 'WiFi', 'Parkir', 'Penyimpanan Barang', 'Teras', 'Ruang Merokok', 'Ruang merokok khusus', 'WiFi Publik', 'Ruang Tamu', 'Parkir (Gratis)', 'Hewan Peliharaan Tidak Diperbolehkan', 'Penitipan Bagasi', 'Staf Multibahasa']",-8.222023,114.363614
84,https://s-light.tiket.photos/t/01E25EBZS3W0FY9GTG6C42E1SE/t_htl-dskt/tix-hotel/images-web/2022/06/22/5346d281-ee5c-4c65-8eeb-381bf7e81b80-1655884890195-2a08cb65acc252ac4709cda8eca71811.jpg,Mango Tree Homestay,"Banyuwangi, Banyuwangi","JL MH Thamrin gg mawar no 1 kelurahan pengantigan, kec/kab banyuwangi",Belum ada rating,70000,180000,"['tiket CLEAN', 'WiFi', 'Parkir', 'Restoran', 'Antar Jemput Bandara', 'Fasilitas Anak', 'Penyimpanan Barang', 'tiket CLEAN', 'WiFi', 'Parkir', 'Restoran', 'Antar Jemput Bandara', 'Fasilitas Anak', 'Penyimpanan Barang', 'Memancing', 'Teras', 'WiFi Publik', 'Parkir (Gratis)', 'Penitipan Bagasi', 'Tur', 'Staf Multibahasa', 'Penukaran Mata Uang']",-8.204479,114.366319
85,https://s-light.tiket.photos/t/01E25EBZS3W0FY9GTG6C42E1SE/t_htl-dskt/tix-hotel/images-web/2022/08/15/1a127c60-db29-458e-8623-f6405b591827-1660557928590-81ed0f69959fac515ac54787e6946c9a.jpg,Urbanview Hotel Kumala Banyuwangi,"Banyuwangi, Banyuwangi","Jl. Robert W Monginsidi No.6, Penganjuran, Kec. Banyuwangi, Kabupaten Banyuwangi, Jawa Timur 68416, Indonesia",4.0,172800,234000,"['tiket CLEAN', 'Kolam Renang', 'WiFi', 'Parkir', 'Resepsionis 24 Jam', 'AC', 'tiket CLEAN', 'Kolam Renang', 'WiFi', 'Parkir', 'Resepsionis 24 Jam', 'AC', 'AC', 'WiFi Publik', 'Kolam Renang', 'Parkir (Gratis)', 'Hewan Peliharaan Tidak Diperbolehkan', 'Resepsionis 24 Jam']",-8.217948,114.370368
86,https://s-light.tiket.photos/t/01E25EBZS3W0FY9GTG6C42E1SE/t_htl-dskt/tix-hotel/images-web/2021/03/12/1588caa3-9707-4668-8727-5c3b1ac4f4e9-1615542335946-ced6ca31e8508bdb367f233bbd5686ec.jpg,RedDoorz Syariah near UNTAG Banyuwangi,"Banyuwangi, Banyuwangi","Jl. Adi Sucipto No.26, Taman Baru, Kec. Banyuwangi, Kabupaten Banyuwangi, Jawa Timur 68416, Indonesia",3.5,186966,191760,"['WiFi', 'Parkir', 'Penyimpanan Barang', 'WiFi', 'Parkir', 'Penyimpanan Barang', 'Teras', 'Ruang Merokok', 'Ruang merokok khusus', 'Ruang Tamu', 'Parkir (Gratis)', 'Hewan Peliharaan Tidak Diperbolehkan', 'Check-out Tanpa Antre', 'Penitipan Bagasi', 'Rak Koran']",-8.229715,114.363345
87,https://s-light.tiket.photos/t/01E25EBZS3W0FY9GTG6C42E1SE/t_htl-dskt/tix-hotel/images-web/2022/04/19/726e9903-cfb2-4251-b86a-bfcc2934753b-1650354924121-bc4463e973099f4c62aec17c10daedb8.jpg,Hotel Anugerah Bondowoso,"Bondowoso, Bondowoso","Jl. Mayjen Sutoyo No.12, Lumbung, Dabasah, Kec. Bondowoso, Kabupaten Bondowoso, Jawa Timur",Belum ada rating,130260,287658,"['InDOnesia CARE', 'tiket CLEAN', 'WiFi', 'Parkir', 'Resepsionis 24 Jam', 'AC', 'InDOnesia CARE', 'tiket CLEAN', 'WiFi', 'Parkir', 'Resepsionis 24 Jam', 'AC', 'AC', 'WiFi Publik', 'Pemadam Api', 'Parkir (Gratis)', 'Hewan Peliharaan Tidak Diperbolehkan', 'Staf Multibahasa', 'Resepsionis 24 Jam']",-7.916839,113.820668
88,https://s-light.tiket.photos/t/01E25EBZS3W0FY9GTG6C42E1SE/t_htl-dskt/tix-hotel/images-web/2021/12/15/c85ff7e2-9ac9-4e5f-b9d2-54dcd19a02b1-1639550721715-03b4e0ca90f8b51e2a6fdab1fec9d093.jpg,Grand Hotel Bondowoso,"Bondowoso, Bondowoso","Jl. KH. Agus Salim No.122, Lumbung, Blindungan, Kec. Bondowoso, Kabupaten Bondowoso, Jawa Timur, Indonesia",2.7,160204,180000,"['tiket CLEAN', 'WiFi', 'Parkir', 'Restoran', 'AC', 'tiket CLEAN', 'WiFi', 'Parkir', 'Restoran', 'AC', 'AC', 'Restoran', 'Parkir (Gratis)', 'Hewan Peliharaan Tidak Diperbolehkan', 'Layanan Laundry/Dry Cleaning']",-7.910008,113.825685
89,https://s-light.tiket.photos/t/01E25EBZS3W0FY9GTG6C42E1SE/t_htl-dskt/tix-hotel/images-web/2022/06/30/eb94dca2-4a31-4e10-9167-cd60e2601a9c-1656585324321-788407330948b7c6941230a773fdd895.jpg,EXPRESS O 91370 Rumah Pemandangan Semeru Asli,"Pronojiwo, Lumajang","RW2X+2Q Pronojiwo, Lumajang Regency, East Java, Indonesia, Lumajang",Belum ada rating,175926,175926,"['WiFi', 'Parkir', 'AC', 'WiFi', 'Parkir', 'AC', 'AC', 'WiFi Publik', 'Parkir (Gratis)', 'Bar/Lounge', 'Pelayanan Kamar Terbatas']",-8.199937,112.949437
90,https://s-light.tiket.photos/t/01E25EBZS3W0FY9GTG6C42E1SE/t_htl-dskt/tix-hotel/images-web/2021/10/08/5bc25642-ca88-4462-9d61-16bb8bda41a1-1633658454442-eb609cbca672006adacaa2ecc165b9fd.jpg,Omah guest house,"Pronojiwo, Lumajang",Rt 4 rw 2 tamanayu pronojiwo lumajang,Belum ada rating,135001,135001,"['Parkir', 'Resepsionis 24 Jam', 'Antar Jemput Bandara', 'Penyimpanan Barang', 'Parkir', 'Resepsionis 24 Jam', 'Antar Jemput Bandara', 'Penyimpanan Barang', 'Taman', 'ATM/Bank', 'Ruang merokok khusus', 'Pengiriman Grosir', 'Brankas di resepsionis', 'Penitipan Bagasi', 'Tur', 'Check-in Tanpa Antre', 'Resepsionis 24 Jam', 'Layanan Laundry/Dry Cleaning', 'Check-out Tanpa Antre', 'Brankas Hotel', 'Penukaran Mata Uang', 'Kotak P3K']",-8.213150024414062,112.94734954833984
91,-,Tumpaksewu Homestay,"Pronojiwo, Lumajang","Krajan Sidomulyo, Pronojiwo, Kabupaten Lumajang, Jawa Timur",5.0,350000,450000,[],-8.229080200195312,112.92962646484375
92,https://s-light.tiket.photos/t/01E25EBZS3W0FY9GTG6C42E1SE/t_htl-dskt/tix-hotel/images-web/2022/04/23/b43f2284-3157-46ed-89c2-5f01cc75b992-1650682843997-2594c180783aeebeb642eadcf41a63d7.jpg,D'corner Tumpaksewu Homestay,"Pronojiwo, Lumajang","Besuk cukit, RT.7/RW.12, Besukcukit, desa sidomulyo, Pronojiwo, Kabupaten Lumajang, Jawa Timur",5.0,196564,196564,"['WiFi', 'Parkir', 'Pet-friendly', 'WiFi', 'Parkir', 'Pet-friendly', 'Taman', 'WiFi Publik', 'Rak Pakaian', 'Hewan Peliharaan Dibolehkan']",-8.2328098,112.9277756
93,https://s-light.tiket.photos/t/01E25EBZS3W0FY9GTG6C42E1SE/t_htl-dskt/tix-hotel/images-web/2021/12/22/65c19b85-94ac-4114-9d9c-047e7c2bff78-1640127676611-172aa7e8615124dd73033c508cb01d9a.jpg,tumpak sewu guest House,"Pronojiwo, Lumajang",67374,4.5,350000,350000,"['AC', 'Antar Jemput Bandara', 'Pet-friendly', 'AC', 'Antar Jemput Bandara', 'Pet-friendly', 'Taman', 'AC', 'Rak Pakaian', 'Hewan Peliharaan Dibolehkan']",-8.230059623718262,112.9201431274414
94,https://s-light.tiket.photos/t/01E25EBZS3W0FY9GTG6C42E1SE/t_htl-dskt/tix-hotel/images-web/2020/10/31/48d30397-c194-40d9-a0f1-63b901aab62d-1604150455305-c05f3282aa1dc68d8d0638cc481cbde4.jpg,OYO 942 Srikandi Hotel,"Pacitan, Pacitan","Jalan Jendral Ahmad Yani A No.67, Caruban, Sidoharjo, Kec. Pacitan, Kabupaten Pacitan, Jawa Timur 63514, Indonesia, Kabupaten Pacitan",3.9,243885,609713,"['tiket CLEAN', 'WiFi', 'Parkir', 'Restoran', 'Resepsionis 24 Jam', 'AC', 'tiket CLEAN', 'WiFi', 'Parkir', 'Restoran', 'Resepsionis 24 Jam', 'AC', 'Ruang Merokok', 'AC', 'Lounge', 'Ruang merokok khusus', 'WiFi Publik', 'Restoran', 'Parkir (Gratis)', 'Hewan Peliharaan Tidak Diperbolehkan', 'Resepsionis 24 Jam']",-8.1960413,111.0967754
95,https://s-light.tiket.photos/t/01E25EBZS3W0FY9GTG6C42E1SE/t_htl-dskt/tix-hotel/images-web/2021/03/12/ad505a15-e23b-4ce8-a7b0-d35c08fd4589-1615551329897-9d521a912e8cc1fff699652d10642014.jpg,OYO 1565 Hotel Homiko,"Pacitan, Pacitan","Jl. Jend. Gatot Subroto No.13, Purwoharjo, Baleharjo, Kec. Pacitan., Pacitan",3.8,99729,257349,"['tiket CLEAN', 'WiFi', 'Parkir', 'AC', 'tiket CLEAN', 'WiFi', 'Parkir', 'AC', 'Teras', 'AC', 'WiFi Publik', 'Parkir (Gratis)', 'Hewan Peliharaan Tidak Diperbolehkan', 'Staf Multibahasa']",-8.196225,111.106099
96,https://s-light.tiket.photos/t/01E25EBZS3W0FY9GTG6C42E1SE/t_htl-dskt/tix-hotel/images-web/2020/10/31/d7fdc7a9-cff1-4a97-8a5c-62b4c5ee82f4-1604150407927-c7836a23d51ce997406cf52f2e141f19.jpg,Penginapan Arsyana,"Pacitan, Pacitan","Jl. Pramuka No.31, Balong, Sidoharjo, Kec. Pacitan, Kabupaten Pacitan, Jawa Timur, Pacitan",3.7,120000,299999,"['WiFi', 'Parkir', 'Resepsionis 24 Jam', 'AC', 'Penyimpanan Barang', 'WiFi', 'Parkir', 'Resepsionis 24 Jam', 'AC', 'Penyimpanan Barang', 'Teras', 'AC', 'WiFi Publik', 'Ruang Tamu', 'Parkir (Gratis)', 'Hewan Peliharaan Tidak Diperbolehkan', 'Penitipan Bagasi', 'Staf Multibahasa', 'Resepsionis 24 Jam']",-8.217642,111.078794
97,https://s-light.tiket.photos/t/01E25EBZS3W0FY9GTG6C42E1SE/t_htl-dskt/tix-hotel/images-web/2021/03/12/0b1c167a-e885-4e69-af85-26328fa74fc9-1615543540503-ff71ed0844118505512cbb63760a1eac.jpg,RedDoorz @ Letjend S. Parman Pacitan,"Pacitan, Pacitan","Jl. Letjend S. Parman No.7, Palihan, Pucangsewu, Kec. Pacitan, Kabupaten Pacitan, Jawa Timur 63511, Indonesia",4.3,193861,237999,"['WiFi', 'Parkir', 'Resepsionis 24 Jam', 'AC', 'Penyimpanan Barang', 'WiFi', 'Parkir', 'Resepsionis 24 Jam', 'AC', 'Penyimpanan Barang', 'Teras', 'AC', 'WiFi Publik', 'Ruang Tamu', 'Parkir (Gratis)', 'Hewan Peliharaan Tidak Diperbolehkan', 'Penitipan Bagasi', 'Resepsionis 24 Jam']",-8.189838,111.099526
98,https://s-light.tiket.photos/t/01E25EBZS3W0FY9GTG6C42E1SE/t_htl-dskt/tix-hotel/images-web/2022/07/11/861d055f-fdd7-4665-aacc-8a4f1a933d83-1657526127806-4a8d206a8536ad2e6525e4c436bba863.jpg,OYO 91201 Larasati Homestay Pantai Klayar,"Pacitan, Pacitan","1, Pacitan, Jawa Timur, Indonesia, Pacitan",Belum ada rating,76800,76800,"['WiFi', 'Parkir', 'Restoran', 'Penyimpanan Barang', 'WiFi', 'Parkir', 'Restoran', 'Penyimpanan Barang', 'Teras', 'WiFi Publik', 'Restoran', 'Parkir (Gratis)', 'Check-out Tanpa Antre', 'Penitipan Bagasi', 'Check-in Tanpa Antre', 'Pelayanan Kamar Terbatas', 'Teras atau Balkon', 'Furnitur Outdoor']",-8.145148,111.130777
99,https://s-light.tiket.photos/t/01E25EBZS3W0FY9GTG6C42E1SE/t_htl-dskt/tix-hotel/images-web/2021/12/05/8429f157-3791-4050-9e32-7c3fb9301b06-1638719416674-2610d88afd80525092ab3ff10aa8b488.jpg,Hotel Bundo Permai 1,"Pacitan, Pacitan",Jl. Bunga Flamboyan No 04 Lingkungan Kwarasan Kelurahan Baleharjo,4.5,150000,150000,[],-8.202300071716309,111.10594940185547
100,https://s-light.tiket.photos/t/01E25EBZS3W0FY9GTG6C42E1SE/t_htl-dskt/tix-hotel/images-web/2022/06/13/ca5fe35c-09a7-499b-b64f-6ba0eeb51fc0-1655089521893-d4dbef5cc6ce4be565056dea7250d052.jpg,RedDoorz Syariah @ Griya Soeratin Pacitan,"Pacitan, Pacitan","Jl. KA. Posong No.1, Gemulung, Tanjungsari, Kec. Pacitan, Kabupaten Pacitan, Jawa Timur 63518, Indonesia",5.0,248724,275373,"['tiket CLEAN', 'WiFi', 'Parkir', 'Resepsionis 24 Jam', 'AC', 'tiket CLEAN', 'WiFi', 'Parkir', 'Resepsionis 24 Jam', 'AC', 'AC', 'Parkir (Gratis)', 'Hewan Peliharaan Tidak Diperbolehkan', 'Resepsionis 24 Jam']",-8.194593,111.112619
101,https://s-light.tiket.photos/t/01E25EBZS3W0FY9GTG6C42E1SE/t_htl-dskt/tix-hotel/images-web/2021/03/12/5e979df6-251c-4c06-bfc0-bff4e0996ec0-1615545330422-c21bba17817f4059db4f71b6817e7d9e.jpg,OYO 1190 Griya Soeratin Residence Syariah,"Pacitan, Pacitan","Jl. KA. Posong No.1, Gemulung, Tanjungsari, Pacitan 63518",3.8,166208,184016,"['tiket CLEAN', 'WiFi', 'Parkir', 'Resepsionis 24 Jam', 'AC', 'tiket CLEAN', 'WiFi', 'Parkir', 'Resepsionis 24 Jam', 'AC', 'Teras', 'Ruang Merokok', 'AC', 'Ruang merokok khusus', 'WiFi Publik', 'Ruang Tamu', 'Parkir (Gratis)', 'Hewan Peliharaan Tidak Diperbolehkan', 'Check-out Tanpa Antre', 'Staf Multibahasa', 'Resepsionis 24 Jam']",-8.194578,111.112639
102,https://s-light.tiket.photos/t/01E25EBZS3W0FY9GTG6C42E1SE/t_htl-dskt/tix-hotel/images-web/2021/10/16/0f895333-fdcf-40cf-9401-bcbb77455226-1634374226740-1c65490ddb5029eb75884de322b68550.jpg,VH Surf Camp,"Pacitan, Pacitan","Jl. Pandan Arum No 11, Pancer, Kelurahan Ploso,",Belum ada rating,100000,150000,"['Parkir', 'Pet-friendly', 'Parkir', 'Pet-friendly', 'Taman', 'Kawat nyamuk', 'Rak Pakaian', 'Hewan Peliharaan Dibolehkan']",-8.223099708557129,111.10130310058594
103,https://s-light.tiket.photos/t/01E25EBZS3W0FY9GTG6C42E1SE/t_htl-dskt/tix-hotel/images-web/2020/11/01/a35755aa-9f89-4183-a8f5-fd8da8b09fb5-1604167090533-e241d35b2f13978f2c6aa42aadc104c4.jpg,OYO 2643 Hotel Graha Prima,"Pacitan, Pacitan","Jl. Raya Tompak Rinjing No.10, Balong, Sidoharjo, Kec. Pacitan, Kabupaten Pacitan, Jawa Timur, Kabupaten Pacitan",3.4,79572,161112,"['tiket CLEAN', 'WiFi', 'Parkir', 'Restoran', 'Resepsionis 24 Jam', 'AC', 'Fasilitas Rapat', 'Penyimpanan Barang', 'tiket CLEAN', 'WiFi', 'Parkir', 'Restoran', 'Resepsionis 24 Jam', 'AC', 'Fasilitas Rapat', 'Penyimpanan Barang', 'Teras', 'Ruang Merokok', 'AC', 'Lounge', 'Fasilitas rapat', 'Ruang merokok khusus', 'WiFi Publik', 'Restoran', 'Ruang Tamu', 'Parkir (Gratis)', 'Hewan Peliharaan Tidak Diperbolehkan', 'Penitipan Bagasi', 'Staf Multibahasa', 'Resepsionis 24 Jam']",-8.217934,111.074011
104,https://s-light.tiket.photos/t/01E25EBZS3W0FY9GTG6C42E1SE/t_htl-dskt/tix-hotel/images-web/2022/04/18/ae20abd0-2ac8-4b91-a5e3-3a8577fa8d69-1650266725901-37d690639604fc7ad14b08cae999eee7.jpg,RedDoorz Syariah near Alun Alun Pacitan 2,"Pacitan, Pacitan","Jl. Brigjend Katamso No.90 C, Gantung, Pacitan, Kec. Pacitan, Kabupaten Pacitan, Jawa Timur 63512, Indonesia",3.4,164970,234060,"['tiket CLEAN', 'WiFi', 'Parkir', 'Resepsionis 24 Jam', 'AC', 'tiket CLEAN', 'WiFi', 'Parkir', 'Resepsionis 24 Jam', 'AC', 'AC', 'WiFi Publik', 'Parkir (Gratis)', 'Hewan Peliharaan Tidak Diperbolehkan', 'Resepsionis 24 Jam']",-8.187106,111.101914
